msa,msa_name,fipstate,fipscty,county_name,latitude,longitude
10100,"Aberdeen, SD Micro Area",46,13,"Brown County, South Dakota",45.5832968,-98.3674786
10140,"Aberdeen, WA Micro Area",53,27,"Grays Harbor County, Washington",47.1744169,-123.8658829
10180,"Abilene, TX Metro Area",48,59,"Callahan County, Texas",32.2810409,-99.3612437
10220,"Ada, OK Micro Area",40,123,"Pontotoc County, Oklahoma",34.707331,-96.6814853
10300,"Adrian, MI Micro Area",26,91,"Lenawee County, Michigan",41.8735258,-84.0624323
10420,"Akron, OH Metro Area",39,133,"Portage County, Ohio",41.1496775,-81.2082
10460,"Alamogordo, NM Micro Area",35,35,"Otero County, New Mexico",32.5059533,-105.8063662
10480,"Alamosa, CO Micro Area",8,3,"Alamosa County, Colorado",37.5780995,-105.7890452
10500,"Albany, GA Metro Area",13,95,"Dougherty County, Georgia",31.5426984,-84.1960829
10540,"Albany, OR Metro Area",41,43,"Linn County, Oregon",44.4968904,-122.5485977
10580,"Albany-Schenectady-Troy, NY Metro Area",36,1,"Albany County, New York",42.5986896,-73.9843997
10620,"Albemarle, NC Micro Area",37,167,"Stanly County, North Carolina",35.3235477,-80.2391366
10660,"Albert Lea, MN Micro Area",27,47,"Freeborn County, Minnesota",43.6763617,-93.3501681
10700,"Albertville, AL Micro Area",1,95,"Marshall County, Alabama",34.3396046,-86.3301801
10740,"Albuquerque, NM Metro Area",35,1,"Bernalillo County, New Mexico",35.0349239,-106.6870693
10760,"Alexander City, AL Micro Area",1,123,"Tallapoosa County, Alabama",32.8595687,-85.8023774
10780,"Alexandria, LA Metro Area",22,43,"Grant Parish, Louisiana",31.5748918,-92.5730029
10820,"Alexandria, MN Micro Area",27,41,"Douglas County, Minnesota",45.9340479,-95.4627651
10860,"Alice, TX Micro Area",48,47,"Brooks County, Texas",26.9879856,-98.2071041
10900,"Allentown-Bethlehem-Easton, PA-NJ Metro Area",34,41,"Warren County, New Jersey",40.8602222,-74.9720493
10940,"Alma, MI Micro Area",26,57,"Gratiot County, Michigan",43.2903117,-84.6098023
10980,"Alpena, MI Micro Area",26,7,"Alpena County, Michigan",45.0176181,-83.6670019
11020,"Altoona, PA Metro Area",42,13,"Blair County, Pennsylvania",40.4870748,-78.3682329
11060,"Altus, OK Micro Area",40,65,"Jackson County, Oklahoma",34.5976018,-99.4370196
11100,"Amarillo, TX Metro Area",48,11,"Armstrong County, Texas",34.9295608,-101.3449139
11140,"Americus, GA Micro Area",13,249,"Schley County, Georgia",32.2478949,-84.3175516
11180,"Ames, IA Metro Area",19,15,"Boone County, Iowa",42.0171798,-93.9254114
11200,"Amherst Town-Northampton, MA Metro Area",25,15,"Hampshire County, Massachusetts",42.3432499,-72.6213339
11220,"Amsterdam, NY Micro Area",36,57,"Montgomery County, New York",42.8941269,-74.4099745
11260,"Anchorage, AK Metro Area",2,20,"Anchorage Municipality, Alaska",61.2163129,-149.894852
11360,"Anderson Creek, NC Micro Area",37,85,"Harnett County, North Carolina",35.388093,-78.8624963
11380,"Andrews, TX Micro Area",48,3,"Andrews County, Texas",32.2690953,-102.6042447
11420,"Angola, IN Micro Area",18,151,"Steuben County, Indiana",41.6414101,-85.0023642
11460,"Ann Arbor, MI Metro Area",26,161,"Washtenaw County, Michigan",42.2582044,-83.8440853
11500,"Anniston-Oxford, AL Metro Area",1,15,"Calhoun County, Alabama",33.7514505,-85.8315666
11540,"Appleton, WI Metro Area",55,15,"Calumet County, Wisconsin",44.0751086,-88.2144321
11580,"Arcadia, FL Micro Area",12,27,"DeSoto County, Florida",27.190253,-81.8244232
11620,"Ardmore, OK Micro Area",40,19,"Carter County, Oklahoma",34.2330314,-97.2789479
11660,"Arkadelphia, AR Micro Area",5,19,"Clark County, Arkansas",34.0541966,-93.198963
11680,"Arkansas City-Winfield, KS Micro Area",20,35,"Cowley County, Kansas",37.2413155,-96.8675685
11700,"Asheville, NC Metro Area",37,21,"Buncombe County, North Carolina",35.6292222,-82.5255603
11740,"Ashland, OH Micro Area",39,5,"Ashland County, Ohio",40.7887367,-82.2360391
11820,"Astoria, OR Micro Area",41,7,"Clatsop County, Oregon",45.980728,-123.6687499
11860,"Atchison, KS Micro Area",20,5,"Atchison County, Kansas",39.545816,-95.3326052
11900,"Athens, OH Micro Area",39,9,"Athens County, Ohio",39.355589,-82.0610404
11940,"Athens, TN Micro Area",47,107,"McMinn County, Tennessee",35.444223,-84.624875
11980,"Athens, TX Micro Area",48,213,"Henderson County, Texas",32.182598,-95.7893178
12020,"Athens-Clarke County, GA Metro Area",13,59,"Clarke County, Georgia",33.9597677,-83.376398
12060,"Atlanta-Sandy Springs-Roswell, GA Metro Area",13,13,"Barrow County, Georgia",33.9848611,-83.6996482
12100,"Atlantic City-Hammonton, NJ Metro Area",34,1,"Atlantic County, New Jersey",39.5143268,-74.6632883
12140,"Auburn, IN Micro Area",18,33,"DeKalb County, Indiana",41.3991456,-85.001244
12180,"Auburn, NY Micro Area",36,11,"Cayuga County, New York",42.8093409,-76.5700777
12220,"Auburn-Opelika, AL Metro Area",1,81,"Lee County, Alabama",32.5814796,-85.3077038
12260,"Augusta-Richmond County, GA-SC Metro Area",13,33,"Burke County, Georgia",33.0482247,-81.9575983
12300,"Augusta-Waterville, ME Micro Area",23,11,"Kennebec County, Maine",44.4184616,-69.8250659
12380,"Austin, MN Micro Area",27,99,"Mower County, Minnesota",43.6832277,-92.753704
12420,"Austin-Round Rock-San Marcos, TX Metro Area",48,21,"Bastrop County, Texas",30.0541116,-97.3887764
12460,"Bainbridge, GA Micro Area",13,87,"Decatur County, Georgia",30.8736613,-84.5740953
12520,"Baker City, OR Micro Area",41,1,"Baker County, Oregon",44.7259637,-117.6204818
12540,"Bakersfield-Delano, CA Metro Area",6,29,"Kern County, California",35.3145701,-118.753822
12580,"Baltimore-Columbia-Towson, MD Metro Area",24,3,"Anne Arundel County, Maryland",38.9722583,-76.573454
12620,"Bangor, ME Metro Area",23,19,"Penobscot County, Maine",45.2930166,-68.5957766
12660,"Baraboo, WI Micro Area",55,111,"Sauk County, Wisconsin",43.4401728,-89.9653841
12700,"Barnstable Town, MA Metro Area",25,1,"Barnstable County, Massachusetts",41.7016936,-70.3036163
12740,"Barre, VT Micro Area",50,23,"Washington County, Vermont",44.2690924,-72.6146505
12780,"Bartlesville, OK Micro Area",40,147,"Washington County, Oklahoma",36.6930592,-95.9078261
12860,"Batavia, NY Micro Area",36,37,"Genesee County, New York",43.0102726,-78.1780196
12900,"Batesville, AR Micro Area",5,63,"Independence County, Arkansas",35.718344,-91.55326
12940,"Baton Rouge, LA Metro Area",22,5,"Ascension Parish, Louisiana",30.2116442,-90.9186104
12980,"Battle Creek, MI Metro Area",26,25,"Calhoun County, Michigan",42.2461339,-85.0229223
13020,"Bay City, MI Metro Area",26,17,"Bay County, Michigan",43.6957567,-83.9402747
13060,"Bay City, TX Micro Area",48,321,"Matagorda County, Texas",28.8879823,-96.0035095
13100,"Beatrice, NE Micro Area",31,67,"Gage County, Nebraska",40.2469449,-96.7021336
13140,"Beaumont-Port Arthur, TX Metro Area",48,199,"Hardin County, Texas",30.3049642,-94.403904
13180,"Beaver Dam, WI Micro Area",55,27,"Dodge County, Wisconsin",43.413614,-88.7177834
13220,"Beckley, WV Metro Area",54,19,"Fayette County, West Virginia",38.0331608,-81.0722238
13260,"Bedford, IN Micro Area",18,93,"Lawrence County, Indiana",38.8400395,-86.4880717
13300,"Beeville, TX Micro Area",48,25,"Bee County, Texas",28.3871179,-97.7191838
13340,"Bellefontaine, OH Micro Area",39,91,"Logan County, Ohio",40.4430521,-83.7414465
13380,"Bellingham, WA Metro Area",53,73,"Whatcom County, Washington",48.8107819,-121.8828175
13420,"Bemidji, MN Micro Area",27,7,"Beltrami County, Minnesota",47.9978537,-94.8799011
13460,"Bend, OR Metro Area",41,13,"Crook County, Oregon",44.1460291,-120.3839476
13540,"Bennington, VT Micro Area",50,3,"Bennington County, Vermont",43.0125713,-73.1473048
13660,"Big Rapids, MI Micro Area",26,107,"Mecosta County, Michigan",43.6375503,-85.3168199
13700,"Big Spring, TX Micro Area",48,227,"Howard County, Texas",32.3047833,-101.4271085
13740,"Billings, MT Metro Area",30,9,"Carbon County, Montana",45.2050058,-109.1434792
13780,"Binghamton, NY Metro Area",36,7,"Broome County, New York",42.1455623,-75.8404114
13820,"Birmingham, AL Metro Area",1,7,"Bibb County, Alabama",32.971079,-87.1227088
13860,"Bishop, CA Micro Area",6,27,"Inyo County, California",36.5595325,-117.4074712
13900,"Bismarck, ND Metro Area",38,15,"Burleigh County, North Dakota",46.9498874,-100.5127667
13940,"Blackfoot, ID Micro Area",16,11,"Bingham County, Idaho",43.1881598,-112.3598354
13980,"Blacksburg-Christiansburg-Radford, VA Metro Area",51,63,"Floyd County, Virginia",36.9157056,-80.3876889
14010,"Bloomington, IL Metro Area",17,113,"McLean County, Illinois",40.4631789,-88.8196613
14020,"Bloomington, IN Metro Area",18,105,"Monroe County, Indiana",39.1296076,-86.5186372
14100,"Bloomsburg-Berwick, PA Micro Area",42,37,"Columbia County, Pennsylvania",41.0389186,-76.4191791
14140,"Bluefield, WV-VA Micro Area",51,185,"Tazewell County, Virginia",37.1236041,-81.5684129
14180,"Blytheville, AR Micro Area",5,93,"Mississippi County, Arkansas",35.7547987,-90.0875933
14220,"Bogalusa, LA Micro Area",22,117,"Washington Parish, Louisiana",30.8337523,-90.0721467
14260,"Boise City, ID Metro Area",16,1,"Ada County, Idaho",43.4136539,-116.2367421
14300,"Bonham, TX Micro Area",48,147,"Fannin County, Texas",33.5372542,-96.0902822
14380,"Boone, NC Micro Area",37,189,"Watauga County, North Carolina",36.2228105,-81.6863808
14420,"Borger, TX Micro Area",48,233,"Hutchinson County, Texas",35.8148236,-101.34844
14460,"Boston-Cambridge-Newton, MA-NH Metro Area",25,9,"Essex County, Massachusetts",42.6762973,-70.9486776
14500,"Boulder, CO Metro Area",8,13,"Boulder County, Colorado",40.102555,-105.3632079
14540,"Bowling Green, KY Metro Area",21,3,"Allen County, Kentucky",36.7528961,-86.1924103
14580,"Bozeman, MT Metro Area",30,31,"Gallatin County, Montana",45.4868491,-111.1967693
14620,"Bradford, PA Micro Area",42,83,"McKean County, Pennsylvania",41.8019737,-78.5769879
14660,"Brainerd, MN Micro Area",27,21,"Cass County, Minnesota",47.0234117,-94.3454604
14700,"Branson, MO Micro Area",29,213,"Taney County, Missouri",36.6563729,-93.0665776
14710,"Brattleboro, VT Micro Area",50,25,"Windham County, Vermont",42.9948675,-72.73425838842638
14720,"Breckenridge, CO Micro Area",8,65,"Lake County, Colorado",39.2056525,-106.342801
14740,"Bremerton-Silverdale-Port Orchard, WA Metro Area",53,35,"Kitsap County, Washington",47.594502,-122.6474421
14780,"Brenham, TX Micro Area",48,477,"Washington County, Texas",30.2226352,-96.3936114
14820,"Brevard, NC Micro Area",37,175,"Transylvania County, North Carolina",35.1982216,-82.7724889
14860,"Bridgeport-Stamford-Danbury, CT Metro Area",9,120,"Greater Bridgeport Planning Region, Connecticut",41.204803999999996,-73.22096118901516
14940,"Brigham City, UT-ID Micro Area",16,71,"Oneida County, Idaho",42.1628627,-112.5703083
15020,"Brookhaven, MS Micro Area",28,85,"Lincoln County, Mississippi",31.4885409,-90.4480916
15060,"Brookings, OR Micro Area",41,15,"Curry County, Oregon",42.4265426,-124.216879
15100,"Brookings, SD Micro Area",46,11,"Brookings County, South Dakota",44.3763598,-96.7925213
15180,"Brownsville-Harlingen, TX Metro Area",48,61,"Cameron County, Texas",26.1291189,-97.4134281
15220,"Brownwood, TX Micro Area",48,49,"Brown County, Texas",31.7525184,-98.9904722
15260,"Brunswick-St. Simons, GA Metro Area",13,25,"Brantley County, Georgia",31.1928547,-81.9943569
15340,"Bucyrus, OH Micro Area",39,33,"Crawford County, Ohio",40.8705909,-82.9065596
15380,"Buffalo-Cheektowaga, NY Metro Area",36,29,"Erie County, New York",42.7164263,-78.7620327
15420,"Burley, ID Micro Area",16,31,"Cassia County, Idaho",42.2219306,-113.5777087
15460,"Burlington, IA-IL Micro Area",17,71,"Henderson County, Illinois",40.8156124,-90.9104547
15500,"Burlington, NC Metro Area",37,1,"Alamance County, North Carolina",36.0702678,-79.3992505
15540,"Burlington-South Burlington, VT Metro Area",50,7,"Chittenden County, Vermont",44.4531756,-73.0673673
15580,"Butte-Silver Bow, MT Micro Area",30,93,"Silver Bow County, Montana",45.9009106,-112.6788845
15620,"Cadillac, MI Micro Area",26,113,"Missaukee County, Michigan",44.336979,-85.1070535
15660,"Calhoun, GA Micro Area",13,129,"Gordon County, Georgia",34.5019651,-84.8986308
15700,"Cambridge, MD Micro Area",24,19,"Dorchester County, Maryland",38.3930694,-76.0995677
15740,"Cambridge, OH Micro Area",39,59,"Guernsey County, Ohio",40.0802222,-81.4859433
15780,"Camden, AR Micro Area",5,13,"Calhoun County, Arkansas",33.5556787,-92.5143633
15820,"Campbellsville, KY Micro Area",21,87,"Green County, Kentucky",37.2433976,-85.5346302
15860,"Canon City, CO Micro Area",8,43,"Fremont County, Colorado",38.4692006,-105.4328622
15900,"Canton, IL Micro Area",17,57,"Fulton County, Illinois",40.4714305,-90.1845556
15940,"Canton-Massillon, OH Metro Area",39,19,"Carroll County, Ohio",40.5250362,-81.0927234
15980,"Cape Coral-Fort Myers, FL Metro Area",12,71,"Lee County, Florida",26.5999265,-81.8823135
16020,"Cape Girardeau, MO-IL Metro Area",17,3,"Alexander County, Illinois",37.1801529,-89.3502834
16060,"Carbondale, IL Micro Area",17,77,"Jackson County, Illinois",37.7668943,-89.3563845
16100,"Carlsbad-Artesia, NM Micro Area",35,15,"Eddy County, New Mexico",32.4003136,-104.345259
16140,"Carroll, IA Micro Area",19,27,"Carroll County, Iowa",42.0193628,-94.860335
16180,"Carson City, NV Metro Area",32,510,"Carson City, Nevada",39.1663259,-119.7670374
16220,"Casper, WY Metro Area",56,25,"Natrona County, Wyoming",42.9487008,-106.8465639
16260,"Cedar City, UT Micro Area",49,21,"Iron County, Utah",37.8546136,-113.2867347
16300,"Cedar Rapids, IA Metro Area",19,11,"Benton County, Iowa",42.0599693,-92.0776319
16340,"Cedartown, GA Micro Area",13,233,"Polk County, Georgia",33.9981581,-85.1567475
16380,"Celina, OH Micro Area",39,107,"Mercer County, Ohio",40.4367866,-84.6109122
16460,"Centralia, IL Micro Area",17,121,"Marion County, Illinois",38.6477381,-88.9232112
16500,"Centralia, WA Micro Area",53,41,"Lewis County, Washington",46.589237,-122.38435711983146
16540,"Chambersburg, PA Metro Area",42,55,"Franklin County, Pennsylvania",39.9259345,-77.7485516
16580,"Champaign-Urbana, IL Metro Area",17,19,"Champaign County, Illinois",40.1346857,-88.1975558
16620,"Charleston, WV Metro Area",54,5,"Boone County, West Virginia",37.997033099999996,-81.71439487504695
16660,"Charleston-Mattoon, IL Micro Area",17,29,"Coles County, Illinois",39.5266741,-88.2184999
16700,"Charleston-North Charleston, SC Metro Area",45,15,"Berkeley County, South Carolina",33.1595951,-79.9070461
16740,"Charlotte-Concord-Gastonia, NC-SC Metro Area",37,7,"Anson County, North Carolina",34.9705848,-80.0958187
16820,"Charlottesville, VA Metro Area",51,3,"Albemarle County, Virginia",38.0085107,-78.6086754
16860,"Chattanooga, TN-GA Metro Area",13,47,"Catoosa County, Georgia",34.8911137,-85.131315
16940,"Cheyenne, WY Metro Area",56,21,"Laramie County, Wyoming",41.2737321,-104.7268231
16980,"Chicago-Naperville-Elgin, IL-IN Metro Area",17,31,"Cook County, Illinois",41.8197385,-87.756525
17020,"Chico, CA Metro Area",6,7,"Butte County, California",39.6519275,-121.5858444
17060,"Chillicothe, OH Micro Area",39,141,"Ross County, Ohio",39.3455507,-83.077359
17140,"Cincinnati, OH-KY-IN Metro Area",18,29,"Dearborn County, Indiana",39.1340338,-84.9820997
17220,"Clarksburg, WV Micro Area",54,17,"Doddridge County, West Virginia",39.2632436,-80.7299566
17260,"Clarksdale, MS Micro Area",28,27,"Coahoma County, Mississippi",34.1931314,-90.5653906
17300,"Clarksville, TN-KY Metro Area",21,47,"Christian County, Kentucky",36.8778665,-87.5014545
17340,"Clearlake, CA Micro Area",6,33,"Lake County, California",39.0505411,-122.7776556
17380,"Cleveland, MS Micro Area",28,11,"Bolivar County, Mississippi",33.7702263,-90.8519798
17410,"Cleveland, OH Metro Area",39,7,"Ashtabula County, Ohio",41.91086185,-80.76115338397186
17420,"Cleveland, TN Metro Area",47,11,"Bradley County, Tennessee",35.1694469,-84.855938
17500,"Clewiston, FL Micro Area",12,43,"Glades County, Florida",26.9328123,-81.1895983
17540,"Clinton, IA Micro Area",19,45,"Clinton County, Iowa",41.9054695,-90.5599971
17580,"Clovis, NM Micro Area",35,9,"Curry County, New Mexico",34.5220133,-103.3099435
17650,"Cody, WY Micro Area",56,29,"Park County, Wyoming",44.6076072,-109.5678484
17660,"Coeur d'Alene, ID Metro Area",16,55,"Kootenai County, Idaho",47.654857,-116.7162916
17740,"Coldwater, MI Micro Area",26,23,"Branch County, Michigan",41.916753,-85.0649374
17780,"College Station-Bryan, TX Metro Area",48,41,"Brazos County, Texas",30.6993189,-96.3497772
17820,"Colorado Springs, CO Metro Area",8,41,"El Paso County, Colorado",38.8287435,-104.5253456
17860,"Columbia, MO Metro Area",29,19,"Boone County, Missouri",39.0153926,-92.3307534
17900,"Columbia, SC Metro Area",45,17,"Calhoun County, South Carolina",33.6567769,-80.7603948
17980,"Columbus, GA-AL Metro Area",1,113,"Russell County, Alabama",32.2698458,-85.1959487
18020,"Columbus, IN Metro Area",18,5,"Bartholomew County, Indiana",39.1914156,-85.8204601
18060,"Columbus, MS Micro Area",28,87,"Lowndes County, Mississippi",33.4466925,-88.4108384
18100,"Columbus, NE Micro Area",31,37,"Colfax County, Nebraska",41.5738643,-97.0828487
18140,"Columbus, OH Metro Area",39,41,"Delaware County, Ohio",40.2317686,-82.9651045
18180,"Concord, NH Micro Area",33,13,"Merrimack County, New Hampshire",43.3260376,-71.6854725
18220,"Connersville, IN Micro Area",18,41,"Fayette County, Indiana",39.619235,-85.179378
18260,"Cookeville, TN Micro Area",47,87,"Jackson County, Tennessee",36.362299,-85.6654772
18300,"Coos Bay-North Bend, OR Micro Area",41,11,"Coos County, Oregon",43.2184144,-124.109621
18340,"Corbin, KY Micro Area",21,51,"Clay County, Kentucky",37.1540436,-83.723144
18380,"Cordele, GA Micro Area",13,81,"Crisp County, Georgia",31.9152265,-83.77777
18420,"Corinth, MS Micro Area",28,3,"Alcorn County, Mississippi",34.8734817,-88.5667345
18460,"Cornelia, GA Micro Area",13,137,"Habersham County, Georgia",34.6270741,-83.5016755
18500,"Corning, NY Micro Area",36,101,"Steuben County, New York",42.2359045,-77.3750862
18580,"Corpus Christi, TX Metro Area",48,7,"Aransas County, Texas",28.1987876,-96.947708
18620,"Corsicana, TX Micro Area",48,349,"Navarro County, Texas",32.0279525,-96.4985456
18660,"Cortland, NY Micro Area",36,23,"Cortland County, New York",42.5842136,-76.0704906
18700,"Corvallis, OR Metro Area",41,3,"Benton County, Oregon",44.494937,-123.4065679
18740,"Coshocton, OH Micro Area",39,31,"Coshocton County, Ohio",40.2905684,-81.9271441
18820,"Crawfordsville, IN Micro Area",18,107,"Montgomery County, Indiana",40.0361447,-86.9007083
18860,"Crescent City, CA Micro Area",6,15,"Del Norte County, California",41.7261767,-123.91328
18880,"Crestview-Fort Walton Beach-Destin, FL Metro Area",12,91,"Okaloosa County, Florida",30.6765961,-86.6037748
18900,"Crossville, TN Micro Area",47,35,"Cumberland County, Tennessee",35.953805,-84.9748195
18980,"Cullman, AL Micro Area",1,43,"Cullman County, Alabama",34.1335332,-86.8779268
19060,"Cumberland, MD-WV Micro Area",24,1,"Allegany County, Maryland",39.6572451,-78.6550628
19100,"Dallas-Fort Worth-Arlington, TX Metro Area",48,85,"Collin County, Texas",33.1609629,-96.6060984
19140,"Dalton, GA Metro Area",13,213,"Murray County, Georgia",34.7851861,-84.7352262
19180,"Danville, IL Micro Area",17,183,"Vermilion County, Illinois",40.1749809,-87.7323857
19220,"Danville, KY Micro Area",21,21,"Boyle County, Kentucky",37.6240938,-84.8540572
19260,"Danville, VA Micro Area",51,143,"Pittsylvania County, Virginia",36.8121678,-79.4364106
19300,"Daphne-Fairhope-Foley, AL Metro Area",1,3,"Baldwin County, Alabama",30.5677527,-87.7324392
19340,"Davenport-Moline-Rock Island, IA-IL Metro Area",17,73,"Henry County, Illinois",41.3418549,-90.1177442
19430,"Dayton-Kettering-Beavercreek, OH Metro Area",39,57,"Greene County, Ohio",39.6908207,-83.9175037
19460,"Decatur, AL Metro Area",1,79,"Lawrence County, Alabama",34.4776367,-87.3017331
19500,"Decatur, IL Metro Area",17,115,"Macon County, Illinois",39.8455208,-88.9602376
19540,"Decatur, IN Micro Area",18,1,"Adams County, Indiana",40.7371667,-84.9347295
19580,"Defiance, OH Micro Area",39,39,"Defiance County, Ohio",41.3203058,-84.5084835
19620,"Del Rio, TX Micro Area",48,465,"Val Verde County, Texas",29.9153286,-101.1284631
19660,"Deltona-Daytona Beach-Ormond Beach, FL Metro Area",12,35,"Flagler County, Florida",29.4844412,-81.2917415
19700,"Deming, NM Micro Area",35,29,"Luna County, New Mexico",32.1345966,-107.7682754
19740,"Denver-Aurora-Centennial, CO Metro Area",8,1,"Adams County, Colorado",39.8714085,-104.2701374
19760,"DeRidder, LA Micro Area",22,11,"Beauregard Parish, Louisiana",30.6144496,-93.3416829
19780,"Des Moines-West Des Moines, IA Metro Area",19,49,"Dallas County, Iowa",41.6744179,-94.0394437
19810,"Detroit Lakes, MN Micro Area",27,5,"Becker County, Minnesota",46.9298236,-95.6761851
19820,"Detroit-Warren-Dearborn, MI Metro Area",26,87,"Lapeer County, Michigan",43.0904764,-83.2333705
19860,"Dickinson, ND Micro Area",38,7,"Billings County, North Dakota",47.0456305,-103.3943708
19940,"Dixon, IL Micro Area",17,103,"Lee County, Illinois",41.74731105,-89.28602959086061
19980,"Dodge City, KS Micro Area",20,57,"Ford County, Kansas",37.7072469,-99.8943146
20020,"Dothan, AL Metro Area",1,61,"Geneva County, Alabama",31.0862933,-85.803014
20060,"Douglas, GA Micro Area",13,3,"Atkinson County, Georgia",31.3030105,-82.8839362
20100,"Dover, DE Metro Area",10,1,"Kent County, Delaware",39.1156594,-75.484116
20140,"Dublin, GA Micro Area",13,167,"Johnson County, Georgia",32.6938608,-82.6374871
20180,"DuBois, PA Micro Area",42,33,"Clearfield County, Pennsylvania",40.9908706,-78.4457422
20220,"Dubuque, IA Metro Area",19,61,"Dubuque County, Iowa",42.4692988,-90.8742047
20260,"Duluth, MN-WI Metro Area",27,17,"Carlton County, Minnesota",46.5799933,-92.7206334
20300,"Dumas, TX Micro Area",48,341,"Moore County, Texas",35.8156121,-101.9104355
20340,"Duncan, OK Micro Area",40,137,"Stephens County, Oklahoma",34.4858287,-97.8636045
20420,"Durango, CO Micro Area",8,67,"La Plata County, Colorado",37.2889732,-107.8539029
20460,"Durant, OK Micro Area",40,13,"Bryan County, Oklahoma",33.95386,-96.3154827
20500,"Durham-Chapel Hill, NC Metro Area",37,37,"Chatham County, North Carolina",35.7151316,-79.2533035
20540,"Dyersburg, TN Micro Area",47,45,"Dyer County, Tennessee",36.0543272,-89.4208221
20580,"Eagle Pass, TX Metro Area",48,323,"Maverick County, Texas",28.792861,-100.3110817
20660,"Easton, MD Micro Area",24,41,"Talbot County, Maryland",38.7542065,-76.1919824
20700,"East Stroudsburg, PA Micro Area",42,89,"Monroe County, Pennsylvania",41.0400423,-75.3249475
20740,"Eau Claire, WI Metro Area",55,17,"Chippewa County, Wisconsin",45.0740585,-91.2947258
20780,"Edwards, CO Micro Area",8,37,"Eagle County, Colorado",39.6161124,-106.7172844
20820,"Effingham, IL Micro Area",17,35,"Cumberland County, Illinois",39.2744299,-88.2423795
20900,"El Campo, TX Micro Area",48,481,"Wharton County, Texas",29.2454534,-96.2291474
20940,"El Centro, CA Metro Area",6,25,"Imperial County, California",33.0305487,-115.3595666
20980,"El Dorado, AR Micro Area",5,139,"Union County, Arkansas",33.1637366,-92.6171029
21020,"Elizabeth City, NC Micro Area",37,139,"Pasquotank County, North Carolina",36.2280793,-76.2149621
21060,"Elizabethtown, KY Metro Area",21,93,"Hardin County, Kentucky",37.6645815,-85.9634901
21120,"Elk City, OK Micro Area",40,9,"Beckham County, Oklahoma",35.2496723,-99.6946079
21140,"Elkhart-Goshen, IN Metro Area",18,39,"Elkhart County, Indiana",41.6012796,-85.8590603
21180,"Elkins, WV Micro Area",54,83,"Randolph County, West Virginia",38.8085998,-79.872531
21220,"Elko, NV Micro Area",32,7,"Elko County, Nevada",41.1958128,-115.3272864
21260,"Ellensburg, WA Micro Area",53,37,"Kittitas County, Washington",47.1057471,-120.5849305
21300,"Elmira, NY Metro Area",36,15,"Chemung County, New York",42.1384667,-76.7725493
21340,"El Paso, TX Metro Area",48,141,"El Paso County, Texas",31.8072184,-106.2230394
21380,"Emporia, KS Micro Area",20,17,"Chase County, Kansas",38.2928083,-96.6152916
21420,"Enid, OK Metro Area",40,47,"Garfield County, Oklahoma",36.3735486,-97.7845975
21460,"Enterprise, AL Micro Area",1,31,"Coffee County, Alabama",31.3629619,-85.9870669
21500,"Erie, PA Metro Area",42,49,"Erie County, Pennsylvania",42.18230345,-80.14107739801153
21540,"Escanaba, MI Micro Area",26,41,"Delta County, Michigan",46.0236602,-86.8950252
21580,"Espanola, NM Micro Area",35,39,"Rio Arriba County, New Mexico",36.5488273,-106.8155233
21640,"Eufaula, AL-GA Micro Area",1,5,"Barbour County, Alabama",31.8589311,-85.4032078
21660,"Eugene-Springfield, OR Metro Area",41,39,"Lane County, Oregon",43.9314567,-122.8575849
21700,"Eureka-Arcata, CA Micro Area",6,23,"Humboldt County, California",40.5997415,-123.8997734
21740,"Evanston, WY-UT Micro Area",49,33,"Rich County, Utah",41.661286,-111.2123631
21780,"Evansville, IN Metro Area",18,129,"Posey County, Indiana",38.0145359,-87.8543645
21820,"Fairbanks-College, AK Metro Area",2,90,"Fairbanks North Star Borough, Alaska",64.8649039,-146.7751619
21860,"Fairmont, MN Micro Area",27,91,"Martin County, Minnesota",43.6564337,-94.5498419
21900,"Fairmont, WV Micro Area",54,49,"Marion County, West Virginia",39.5128606,-80.2258567
21980,"Fallon, NV Micro Area",32,1,"Churchill County, Nevada",39.6136309,-118.4191948
22020,"Fargo, ND-MN Metro Area",27,27,"Clay County, Minnesota",46.8994904,-96.5088202
22060,"Faribault-Northfield, MN Micro Area",27,131,"Rice County, Minnesota",44.3413376,-93.2865484
22100,"Farmington, MO Micro Area",29,187,"St. Francois County, Missouri",37.7763775,-90.5089041
22140,"Farmington, NM Metro Area",35,45,"San Juan County, New Mexico",36.4755752,-108.3046555
22180,"Fayetteville, NC Metro Area",37,51,"Cumberland County, North Carolina",35.0461723,-78.8394255
22190,"Fayetteville, TN Micro Area",47,103,"Lincoln County, Tennessee",35.1711024,-86.5783704
22220,"Fayetteville-Springdale-Rogers, AR Metro Area",5,7,"Benton County, Arkansas",36.3456186,-94.2670404
22260,"Fergus Falls, MN Micro Area",27,111,"Otter Tail County, Minnesota",46.4184196,-95.713142
22300,"Findlay, OH Micro Area",39,63,"Hancock County, Ohio",40.9939911,-83.6587588
22340,"Fitzgerald, GA Micro Area",13,17,"Ben Hill County, Georgia",31.7462726,-83.2355879
22380,"Flagstaff, AZ Metro Area",4,5,"Coconino County, Arizona",35.9363252,-111.6948197
22420,"Flint, MI Metro Area",26,49,"Genesee County, Michigan",43.0220032,-83.7274305
22500,"Florence, SC Metro Area",45,31,"Darlington County, South Carolina",34.3609331,-79.9438572
22520,"Florence-Muscle Shoals, AL Metro Area",1,33,"Colbert County, Alabama",34.6473396,-87.7921769
22540,"Fond du Lac, WI Metro Area",55,39,"Fond du Lac County, Wisconsin",43.7533414,-88.4493796
22580,"Forest City, NC Micro Area",37,161,"Rutherford County, North Carolina",35.3994626,-81.9023191
22620,"Forrest City, AR Micro Area",5,123,"St. Francis County, Arkansas",35.0153956,-90.7263194
22660,"Fort Collins-Loveland, CO Metro Area",8,69,"Larimer County, Colorado",40.6810174,-105.4726907
22700,"Fort Dodge, IA Micro Area",19,187,"Webster County, Iowa",42.4326072,-94.184316
22780,"Fort Leonard Wood, MO Micro Area",29,169,"Pulaski County, Missouri",37.8402606,-92.2248398
22800,"Fort Madison, IA Micro Area",19,111,"Lee County, Iowa",40.6524894,-91.507313
22820,"Fort Morgan, CO Micro Area",8,87,"Morgan County, Colorado",40.2407621,-103.8225695
22840,"Fort Payne, AL Micro Area",1,49,"DeKalb County, Alabama",34.4524349,-85.7662118
22900,"Fort Smith, AR-OK Metro Area",5,33,"Crawford County, Arkansas",35.5803044,-94.2684622
23060,"Fort Wayne, IN Metro Area",18,3,"Allen County, Indiana",41.0975573,-85.0562084
23140,"Frankfort, IN Micro Area",18,23,"Clinton County, Indiana",40.2992769,-86.4692735
23180,"Frankfort, KY Micro Area",21,5,"Anderson County, Kentucky",38.0096811,-84.9880147
23190,"Franklin, KY Micro Area",21,213,"Simpson County, Kentucky",36.73518,-86.5780102
23240,"Fredericksburg, TX Micro Area",48,171,"Gillespie County, Texas",30.2954086,-98.9086643
23300,"Freeport, IL Micro Area",17,177,"Stephenson County, Illinois",42.3503474,-89.6735637
23340,"Fremont, NE Micro Area",31,53,"Dodge County, Nebraska",41.58577,-96.6789773
23380,"Fremont, OH Micro Area",39,143,"Sandusky County, Ohio",41.2951563,-83.1555438
23420,"Fresno, CA Metro Area",6,19,"Fresno County, California",36.6713502,-119.8155355
23460,"Gadsden, AL Metro Area",1,55,"Etowah County, Alabama",34.0371404,-86.022147
23500,"Gaffney, SC Micro Area",45,21,"Cherokee County, South Carolina",35.0372626,-81.6480755
23540,"Gainesville, FL Metro Area",12,1,"Alachua County, Florida",29.675568,-82.3640109
23580,"Gainesville, GA Metro Area",13,139,"Hall County, Georgia",34.2905901,-83.8194028
23620,"Gainesville, TX Micro Area",48,97,"Cooke County, Texas",33.582486,-97.2055298
23660,"Galesburg, IL Micro Area",17,95,"Knox County, Illinois",40.920889,-90.2202325
23680,"Gallipolis, OH Micro Area",39,53,"Gallia County, Ohio",38.7952465,-82.3556216
23700,"Gallup, NM Micro Area",35,31,"McKinley County, New Mexico",35.6438394,-108.1515609
23780,"Garden City, KS Micro Area",20,55,"Finney County, Kansas",38.0452481,-100.8199963
23820,"Gardnerville Ranchos, NV-CA Micro Area",6,3,"Alpine County, California",38.5893934,-119.8345013
23900,"Gettysburg, PA Metro Area",42,1,"Adams County, Pennsylvania",39.8708972,-77.2395963
23940,"Gillette, WY Micro Area",56,5,"Campbell County, Wyoming",44.1908398,-105.5775352
23980,"Glasgow, KY Micro Area",21,9,"Barren County, Kentucky",36.9584649,-85.925817
24020,"Glens Falls, NY Metro Area",36,113,"Warren County, New York",43.5018687,-73.8164637
24100,"Gloversville, NY Micro Area",36,35,"Fulton County, New York",43.1061507,-74.4461771
24140,"Goldsboro, NC Metro Area",37,191,"Wayne County, North Carolina",35.3546293,-78.0149444
24180,"Granbury, TX Micro Area",48,221,"Hood County, Texas",32.4107555,-97.828282
24220,"Grand Forks, ND-MN Metro Area",27,119,"Polk County, Minnesota",47.6554613,-96.4193484
24260,"Grand Island, NE Metro Area",31,79,"Hall County, Nebraska",40.8627335,-98.5122907
24300,"Grand Junction, CO Metro Area",8,77,"Mesa County, Colorado",39.05689950336452,-108.4861294669741
24330,"Grand Rapids, MN Micro Area",27,61,"Itasca County, Minnesota",47.4968343,-93.6225663
24340,"Grand Rapids-Wyoming-Kentwood, MI Metro Area",26,15,"Barry County, Michigan",42.5910739,-85.3242417
24420,"Grants Pass, OR Metro Area",41,33,"Josephine County, Oregon",42.3554368,-123.5602707
24460,"Great Bend, KS Micro Area",20,9,"Barton County, Kansas",38.4683432,-98.776234
24500,"Great Falls, MT Metro Area",30,13,"Cascade County, Montana",47.3271465,-111.3281242
24540,"Greeley, CO Metro Area",8,123,"Weld County, Colorado",40.5632344,-104.4835287
24580,"Green Bay, WI Metro Area",55,9,"Brown County, Wisconsin",44.4383498,-88.0167093
24600,"Greencastle, IN Micro Area",18,133,"Putnam County, Indiana",39.6666195,-86.8374032
24620,"Greeneville, TN Micro Area",47,59,"Greene County, Tennessee",36.1698443,-82.8766356
24640,"Greenfield, MA Micro Area",25,11,"Franklin County, Massachusetts",42.5896205,-72.6110645
24660,"Greensboro-High Point, NC Metro Area",37,81,"Guilford County, North Carolina",36.0875688,-79.7888515
24700,"Greensburg, IN Micro Area",18,31,"Decatur County, Indiana",39.2862128,-85.4943058
24740,"Greenville, MS Micro Area",28,151,"Washington County, Mississippi",33.2626706,-90.9183546
24780,"Greenville, NC Metro Area",37,147,"Pitt County, North Carolina",35.611481,-77.3707461
24820,"Greenville, OH Micro Area",39,37,"Darke County, Ohio",40.168765,-84.631372
24860,"Greenville-Anderson-Greer, SC Metro Area",45,7,"Anderson County, South Carolina",34.5258335,-82.652962
24900,"Greenwood, MS Micro Area",28,15,"Carroll County, Mississippi",33.4230182,-89.9110025
24940,"Greenwood, SC Micro Area",45,1,"Abbeville County, South Carolina",34.2264946,-82.4364036
24980,"Grenada, MS Micro Area",28,43,"Grenada County, Mississippi",33.772401,-89.7674875
25060,"Gulfport-Biloxi, MS Metro Area",28,45,"Hancock County, Mississippi",30.3892456,-89.4782116
25100,"Guymon, OK Micro Area",40,139,"Texas County, Oklahoma",36.7390314,-101.4953594
25180,"Hagerstown-Martinsburg, MD-WV Metro Area",24,43,"Washington County, Maryland",39.5893502,-77.710254
25200,"Hailey, ID Micro Area",16,13,"Blaine County, Idaho",43.3336455,-113.8808311
25220,"Hammond, LA Metro Area",22,105,"Tangipahoa Parish, Louisiana",30.6323024,-90.4315754
25260,"Hanford-Corcoran, CA Metro Area",6,31,"Kings County, California",36.0784807,-119.7956342
25300,"Hannibal, MO Micro Area",29,127,"Marion County, Missouri",39.8080573,-91.6318781
25420,"Harrisburg-Carlisle, PA Metro Area",42,41,"Cumberland County, Pennsylvania",40.1541581,-77.2803933
25460,"Harrison, AR Micro Area",5,9,"Boone County, Arkansas",36.2829183,-93.0784759
25500,"Harrisonburg, VA Metro Area",51,165,"Rockingham County, Virginia",38.5080288,-78.8949442
25540,"Hartford-West Hartford-East Hartford, CT Metro Area",9,110,"Capitol Planning Region, Connecticut",41.79083215,-72.54229312563935
25580,"Hastings, NE Micro Area",31,1,"Adams County, Nebraska",40.5125798,-98.5148588
25620,"Hattiesburg, MS Metro Area",28,35,"Forrest County, Mississippi",31.1540772,-89.2398601
25700,"Hays, KS Micro Area",20,51,"Ellis County, Kansas",38.915304000000006,-99.31725312947998
25720,"Heber, UT Micro Area",49,43,"Summit County, Utah",40.8320852,-111.1233396
25740,"Helena, MT Metro Area",30,7,"Broadwater County, Montana",46.3252827,-111.4969303
25770,"Hemlock Farms, PA Micro Area",42,103,"Pike County, Pennsylvania",41.340546,-75.008326
25775,"Henderson, KY Micro Area",21,101,"Henderson County, Kentucky",37.76721,-87.5573742
25780,"Henderson, NC Micro Area",37,181,"Vance County, North Carolina",36.3747423,-78.4140945
25820,"Hereford, TX Micro Area",48,117,"Deaf Smith County, Texas",34.9323974,-102.5983118
25840,"Hermiston-Pendleton, OR Micro Area",41,49,"Morrow County, Oregon",45.360901,-119.6052459
25850,"Hermitage, PA Micro Area",42,85,"Mercer County, Pennsylvania",41.3334542,-80.3014412
25860,"Hickory-Lenoir-Morganton, NC Metro Area",37,3,"Alexander County, North Carolina",35.924738,-81.1716315
25880,"Hillsdale, MI Micro Area",26,59,"Hillsdale County, Michigan",41.8779105,-84.5984396
25900,"Hilo-Kailua, HI Micro Area",15,1,"Hawaii County, Hawaii",19.6273325,-155.564561
25940,"Hilton Head Island-Bluffton-Port Royal, SC Metro Area",45,13,"Beaufort County, South Carolina",32.3850708,-80.6923169
25980,"Hinesville, GA Metro Area",13,179,"Liberty County, Georgia",31.8031632,-81.483441
26020,"Hobbs, NM Micro Area",35,25,"Lea County, New Mexico",32.7448727,-103.3828242
26090,"Holland, MI Micro Area",26,5,"Allegan County, Michigan",42.5867203,-85.8861492
26140,"Homosassa Springs, FL Metro Area",12,17,"Citrus County, Florida",28.8512851,-82.5141209
26220,"Hood River, OR Micro Area",41,27,"Hood River County, Oregon",45.5311636,-121.6475587
26300,"Hot Springs, AR Metro Area",5,51,"Garland County, Arkansas",34.5488944,-93.1838539
26340,"Houghton, MI Micro Area",26,61,"Houghton County, Michigan",46.8591287,-88.7774734
26380,"Houma-Bayou Cane-Thibodaux, LA Metro Area",22,57,"Lafourche Parish, Louisiana",29.5820155,-90.3964889
26420,"Houston-Pasadena-The Woodlands, TX Metro Area",48,15,"Austin County, Texas",29.8916488,-96.2443467
26460,"Hudson, NY Micro Area",36,21,"Columbia County, New York",42.2415027,-73.6723456
26500,"Huntingdon, PA Micro Area",42,61,"Huntingdon County, Pennsylvania",40.3446332,-78.0281185
26540,"Huntington, IN Micro Area",18,69,"Huntington County, Indiana",40.8008286,-85.5018494
26580,"Huntington-Ashland, WV-KY-OH Metro Area",21,19,"Boyd County, Kentucky",38.3608934,-82.6945926
26620,"Huntsville, AL Metro Area",1,83,"Limestone County, Alabama",34.8342463,-86.9901321
26660,"Huntsville, TX Micro Area",48,471,"Walker County, Texas",30.6795741,-95.5522823
26700,"Huron, SD Micro Area",46,5,"Beadle County, South Dakota",44.4157764,-98.2751583
26740,"Hutchinson, KS Micro Area",20,155,"Reno County, Kansas",37.930344,-98.1055753
26780,"Hutchinson, MN Micro Area",27,85,"McLeod County, Minnesota",44.8169135,-94.2495251
26820,"Idaho Falls, ID Metro Area",16,19,"Bonneville County, Idaho",43.3993844,-111.4752257
26860,"Indiana, PA Micro Area",42,63,"Indiana County, Pennsylvania",40.6424116,-79.1262839
26900,"Indianapolis-Carmel-Greenwood, IN Metro Area",18,11,"Boone County, Indiana",40.0459913,-86.4650842
26980,"Iowa City, IA Metro Area",19,103,"Johnson County, Iowa",41.6683126,-91.57952674093114
27020,"Iron Mountain, MI-WI Micro Area",26,43,"Dickinson County, Michigan",45.9874631,-87.8864905
27060,"Ithaca, NY Metro Area",36,109,"Tompkins County, New York",42.445339000000004,-76.47279396502887
27100,"Jackson, MI Metro Area",26,75,"Jackson County, Michigan",42.2416466,-84.425589
27140,"Jackson, MS Metro Area",28,29,"Copiah County, Mississippi",31.8563532,-90.4798717
27180,"Jackson, TN Metro Area",47,23,"Chester County, Tennessee",35.4265564,-88.6009817
27220,"Jackson, WY-ID Micro Area",16,81,"Teton County, Idaho",43.7647107,-111.2081469
27260,"Jacksonville, FL Metro Area",12,3,"Baker County, Florida",30.3143459,-82.2847163
27300,"Jacksonville, IL Micro Area",17,137,"Morgan County, Illinois",39.7062265,-90.190335
27340,"Jacksonville, NC Metro Area",37,133,"Onslow County, North Carolina",34.69271605,-77.38654742430643
27380,"Jacksonville, TX Micro Area",48,73,"Cherokee County, Texas",31.8390826,-95.1791849
27420,"Jamestown, ND Micro Area",38,93,"Stutsman County, North Dakota",46.9596318,-98.9742609
27460,"Jamestown-Dunkirk, NY Micro Area",36,13,"Chautauqua County, New York",42.2894671,-79.421728
27500,"Janesville-Beloit, WI Metro Area",55,105,"Rock County, Wisconsin",42.6654418,-89.081772
27540,"Jasper, IN Micro Area",18,37,"Dubois County, Indiana",38.3644324,-86.8870278
27600,"Jefferson, GA Micro Area",13,157,"Jackson County, Georgia",34.1282559,-83.5753386
27620,"Jefferson City, MO Metro Area",29,27,"Callaway County, Missouri",38.8491265,-91.9257607
27700,"Jesup, GA Micro Area",13,305,"Wayne County, Georgia",31.5675304,-81.9131554
27740,"Johnson City, TN Metro Area",47,19,"Carter County, Tennessee",36.2840805,-82.1194772
27780,"Johnstown, PA Metro Area",42,21,"Cambria County, Pennsylvania",40.4843583,-78.718852
27860,"Jonesboro, AR Metro Area",5,31,"Craighead County, Arkansas",35.8348413,-90.6441144
27900,"Joplin, MO-KS Metro Area",20,21,"Cherokee County, Kansas",37.1718068,-94.8482069
27940,"Juneau, AK Micro Area",2,110,"Juneau City and Borough, Alaska",58.3019496,-134.419734
27980,"Kahului-Wailuku, HI Metro Area",15,5,"Kalawao County, Hawaii",21.1965413,-156.9666208
28020,"Kalamazoo-Portage, MI Metro Area",26,77,"Kalamazoo County, Michigan",42.2494968,-85.5372797
28060,"Kalispell, MT Micro Area",30,29,"Flathead County, Montana",48.3840879,-113.972144
28100,"Kankakee, IL Metro Area",17,91,"Kankakee County, Illinois",41.1253903,-87.848682
28140,"Kansas City, MO-KS Metro Area",20,91,"Johnson County, Kansas",38.8837933,-94.8389141
28180,"Kapaa, HI Micro Area",15,7,"Kauai County, Hawaii",22.0557204,-159.4945109
28260,"Kearney, NE Micro Area",31,19,"Buffalo County, Nebraska",40.8421618,-99.0845451
28300,"Keene, NH Micro Area",33,5,"Cheshire County, New Hampshire",42.9525022,-72.2834412
28340,"Kendallville, IN Micro Area",18,113,"Noble County, Indiana",41.3990708,-85.4193348
28380,"Kennett, MO Micro Area",29,69,"Dunklin County, Missouri",36.2156534,-90.0591292
28420,"Kennewick-Richland, WA Metro Area",53,5,"Benton County, Washington",46.1691702,-119.5286424
28450,"Kenosha, WI Metro Area",55,59,"Kenosha County, Wisconsin",42.5729233,-88.0679837
28500,"Kerrville, TX Micro Area",48,265,"Kerr County, Texas",30.045717,-99.3884839
28540,"Ketchikan, AK Micro Area",2,130,"Ketchikan Gateway Borough, Alaska",55.489748,-131.011963
28580,"Key West-Key Largo, FL Micro Area",12,87,"Monroe County, Florida",25.0405135,-80.8337157
28620,"Kill Devil Hills, NC Micro Area",37,55,"Dare County, North Carolina",35.6333866,-75.6869011
28660,"Killeen-Temple, TX Metro Area",48,27,"Bell County, Texas",31.0081659,-97.4314413
28680,"Kingsland, GA Micro Area",13,39,"Camden County, Georgia",30.9298212,-81.6225075
28700,"Kingsport-Bristol, TN-VA Metro Area",47,73,"Hawkins County, Tennessee",36.429878,-82.9568899
28740,"Kingston, NY Metro Area",36,111,"Ulster County, New York",41.8689317,-74.2618518
28780,"Kingsville, TX Micro Area",48,273,"Kleberg County, Texas",27.3983129,-97.7485096
28820,"Kinston, NC Micro Area",37,107,"Lenoir County, North Carolina",35.2590371,-77.6484879
28860,"Kirksville, MO Micro Area",29,1,"Adair County, Missouri",40.1769782,-92.6161167
28880,"Kiryas Joel-Poughkeepsie-Newburgh, NY Metro Area",36,27,"Dutchess County, New York",41.7194303,-73.7516205
28900,"Klamath Falls, OR Micro Area",41,35,"Klamath County, Oregon",42.6052565,-121.739544
28940,"Knoxville, TN Metro Area",47,1,"Anderson County, Tennessee",36.1063226,-84.1849939
29020,"Kokomo, IN Metro Area",18,67,"Howard County, Indiana",40.4787061,-86.1350343
29060,"Laconia, NH Micro Area",33,1,"Belknap County, New Hampshire",43.5218848,-71.4530581
29100,"La Crosse-Onalaska, WI-MN Metro Area",27,55,"Houston County, Minnesota",43.6624222,-91.4685617
29180,"Lafayette, LA Metro Area",22,1,"Acadia Parish, Louisiana",30.2740735,-92.3957036
29200,"Lafayette-West Lafayette, IN Metro Area",18,7,"Benton County, Indiana",40.6034281,-87.3235164
29260,"La Grande, OR Micro Area",41,61,"Union County, Oregon",45.2680014,-118.0257466
29300,"LaGrange, GA-AL Micro Area",1,17,"Chambers County, Alabama",32.8901658,-85.3866953
29340,"Lake Charles, LA Metro Area",22,19,"Calcasieu Parish, Louisiana",30.2232015,-93.3434067
29380,"Lake City, FL Micro Area",12,23,"Columbia County, Florida",30.2097438,-82.62636328830749
29420,"Lake Havasu City-Kingman, AZ Metro Area",4,15,"Mohave County, Arizona",35.7218038,-113.827117
29460,"Lakeland-Winter Haven, FL Metro Area",12,105,"Polk County, Florida",27.9448537,-81.7268789
29470,"Lake of the Woods, VA Micro Area",51,137,"Orange County, Virginia",38.2490349,-78.013983
29540,"Lancaster, PA Metro Area",42,71,"Lancaster County, Pennsylvania",40.08067,-76.2411283
29620,"Lansing-East Lansing, MI Metro Area",26,37,"Clinton County, Michigan",42.9435238,-84.6125345
29660,"Laramie, WY Micro Area",56,1,"Albany County, Wyoming",41.6684047,-105.6812633
29700,"Laredo, TX Metro Area",48,479,"Webb County, Texas",27.6983621,-99.2523577
29740,"Las Cruces, NM Metro Area",35,13,"Dona Ana County, New Mexico",32.32817,-106.849423
29780,"Las Vegas, NM Micro Area",35,33,"Mora County, New Mexico",35.972232,-104.9132218
29820,"Las Vegas-Henderson-North Las Vegas, NV Metro Area",32,3,"Clark County, Nevada",36.3467726,-115.090737
29860,"Laurel, MS Micro Area",28,61,"Jasper County, Mississippi",32.0216075,-89.1132111
29900,"Laurinburg, NC Micro Area",37,165,"Scotland County, North Carolina",34.8628902,-79.4903372
29940,"Lawrence, KS Metro Area",20,45,"Douglas County, Kansas",38.8838392,-95.2874559
29980,"Lawrenceburg, TN Micro Area",47,99,"Lawrence County, Tennessee",35.2256914,-87.4016388
30020,"Lawton, OK Metro Area",40,31,"Comanche County, Oklahoma",34.6557505,-98.4485103
30060,"Lebanon, MO Micro Area",29,105,"Laclede County, Missouri",37.6475206,-92.6324187
30140,"Lebanon, PA Metro Area",42,75,"Lebanon County, Pennsylvania",40.375713,-76.4626118
30150,"Lebanon-Claremont, NH-VT Micro Area",33,9,"Grafton County, New Hampshire",43.9702453,-71.8742626
30180,"Le Mars, IA Micro Area",19,149,"Plymouth County, Iowa",42.7369124,-96.2213607
30260,"Lewisburg, PA Micro Area",42,119,"Union County, Pennsylvania",40.9745493,-77.0785945
30280,"Lewisburg, TN Micro Area",47,117,"Marshall County, Tennessee",35.4814932,-86.7711675
30300,"Lewiston, ID-WA Metro Area",16,69,"Nez Perce County, Idaho",46.3959861,-116.8072307
30340,"Lewiston-Auburn, ME Metro Area",23,1,"Androscoggin County, Maine",44.1402839,-70.196395
30380,"Lewistown, PA Micro Area",42,87,"Mifflin County, Pennsylvania",40.6099183,-77.6215085
30420,"Lexington, NE Micro Area",31,47,"Dawson County, Nebraska",40.8776438,-99.8505693
30460,"Lexington-Fayette, KY Metro Area",21,17,"Bourbon County, Kentucky",38.1944867,-84.2046611
30500,"Lexington Park, MD Metro Area",24,9,"Calvert County, Maryland",38.5288529,-76.537764
30580,"Liberal, KS Micro Area",20,175,"Seward County, Kansas",37.1850331,-100.8928434
30620,"Lima, OH Metro Area",39,3,"Allen County, Ohio",40.8077797,-84.0572225
30660,"Lincoln, IL Micro Area",17,107,"Logan County, Illinois",40.1075089,-89.3768539
30700,"Lincoln, NE Metro Area",31,109,"Lancaster County, Nebraska",40.9515685,-96.6909842
30780,"Little Rock-North Little Rock-Conway, AR Metro Area",5,45,"Faulkner County, Arkansas",35.1470851,-92.3219053
30820,"Lock Haven, PA Micro Area",42,35,"Clinton County, Pennsylvania",41.2711458,-77.6984481
30860,"Logan, UT-ID Metro Area",16,41,"Franklin County, Idaho",42.1093652,-111.8203389
30900,"Logansport, IN Micro Area",18,17,"Cass County, Indiana",40.7808235,-86.3449159
30980,"Longview, TX Metro Area",48,183,"Gregg County, Texas",32.4492408,-94.8532848
31020,"Longview-Kelso, WA Metro Area",53,15,"Cowlitz County, Washington",46.1998625,-122.6931507
31060,"Los Alamos, NM Micro Area",35,28,"Los Alamos County, New Mexico",35.8585475,-106.317166
31080,"Los Angeles-Long Beach-Anaheim, CA Metro Area",6,37,"Los Angeles County, California",34.3155072,-118.209681
31140,"Louisville/Jefferson County, KY-IN Metro Area",18,19,"Clark County, Indiana",38.4941217,-85.7169081
31180,"Lubbock, TX Metro Area",48,79,"Cochran County, Texas",33.5905096,-102.805677
31220,"Ludington, MI Micro Area",26,105,"Mason County, Michigan",43.9778831,-86.246291
31260,"Lufkin, TX Micro Area",48,5,"Angelina County, Texas",31.2544545,-94.6181177
31300,"Lumberton, NC Micro Area",37,155,"Robeson County, North Carolina",34.6485079,-79.0954942
31340,"Lynchburg, VA Metro Area",51,9,"Amherst County, Virginia",37.5997548,-79.1483701
31380,"Macomb, IL Micro Area",17,109,"McDonough County, Illinois",40.4376858,-90.6780272
31420,"Macon-Bibb County, GA Metro Area",13,21,"Bibb County, Georgia",32.8095879,-83.694562
31500,"Madison, IN Micro Area",18,77,"Jefferson County, Indiana",38.8166724,-85.4299489
31540,"Madison, WI Metro Area",55,21,"Columbia County, Wisconsin",43.4641929,-89.3478429
31580,"Madisonville, KY Micro Area",21,107,"Hopkins County, Kentucky",37.3006817,-87.5612458
31620,"Magnolia, AR Micro Area",5,27,"Columbia County, Arkansas",33.1938586,-93.2344337
31680,"Malvern, AR Micro Area",5,59,"Hot Spring County, Arkansas",34.2956351,-92.9005742
31700,"Manchester-Nashua, NH Metro Area",33,11,"Hillsborough County, New Hampshire",42.9373379,-71.751376
31740,"Manhattan, KS Metro Area",20,61,"Geary County, Kansas",38.9885445,-96.7619968
31820,"Manitowoc, WI Micro Area",55,71,"Manitowoc County, Wisconsin",44.0998341,-87.827992
31860,"Mankato, MN Metro Area",27,13,"Blue Earth County, Minnesota",44.0109722,-94.0560643
31900,"Mansfield, OH Metro Area",39,139,"Richland County, Ohio",40.776322,-82.5302254
31930,"Marietta, OH Micro Area",39,167,"Washington County, Ohio",39.4782641,-81.5488945
31940,"Marinette, WI-MI Micro Area",26,109,"Menominee County, Michigan",45.5785741,-87.562159
31980,"Marion, IN Micro Area",18,53,"Grant County, Indiana",40.5114735,-85.6540606
32000,"Marion, NC Micro Area",37,111,"McDowell County, North Carolina",35.6608869,-82.0482171
32020,"Marion, OH Micro Area",39,101,"Marion County, Ohio",40.5885271,-83.1895249
32060,"Marion-Herrin, IL Micro Area",17,199,"Williamson County, Illinois",37.7231295,-88.9301992060972
32100,"Marquette, MI Micro Area",26,103,"Marquette County, Michigan",46.4481521,-87.6305899
32140,"Marshall, MN Micro Area",27,83,"Lyon County, Minnesota",44.3880733,-95.8287296
32180,"Marshall, MO Micro Area",29,195,"Saline County, Missouri",39.1256186,-93.2300648
32260,"Marshalltown, IA Micro Area",19,127,"Marshall County, Iowa",42.0378125,-92.9915704
32280,"Martin, TN Micro Area",47,183,"Weakley County, Tennessee",36.2902404,-88.7263475
32300,"Martinsville, VA Micro Area",51,89,"Henry County, Virginia",36.6725813,-79.9242922
32340,"Maryville, MO Micro Area",29,147,"Nodaway County, Missouri",40.3483437,-94.8723663
32380,"Mason City, IA Micro Area",19,33,"Cerro Gordo County, Iowa",43.0742443,-93.2548746
32390,"Massena-Ogdensburg, NY Micro Area",36,89,"St. Lawrence County, New York",44.4973591,-75.0657043
32460,"Mayfield, KY Micro Area",21,83,"Graves County, Kentucky",36.7244966,-88.6569094
32540,"McAlester, OK Micro Area",40,121,"Pittsburg County, Oklahoma",34.9327085,-95.7625858
32580,"McAllen-Edinburg-Mission, TX Metro Area",48,215,"Hidalgo County, Texas",26.3530256,-98.216445
32620,"McComb, MS Micro Area",28,113,"Pike County, Mississippi",31.1712493,-90.4093394
32660,"McMinnville, TN Micro Area",47,177,"Warren County, Tennessee",35.6889753,-85.7796626
32700,"McPherson, KS Micro Area",20,113,"McPherson County, Kansas",38.3659015,-97.6575171
32740,"Meadville, PA Micro Area",42,39,"Crawford County, Pennsylvania",41.6951179,-80.1428967
32780,"Medford, OR Metro Area",41,29,"Jackson County, Oregon",42.398015,-122.7540948
32820,"Memphis, TN-MS-AR Metro Area",5,35,"Crittenden County, Arkansas",35.2505701,-90.3192299
32860,"Menomonie, WI Micro Area",55,33,"Dunn County, Wisconsin",44.9333564,-91.8994409
32900,"Merced, CA Metro Area",6,47,"Merced County, California",37.1641544,-120.7678602
32940,"Meridian, MS Micro Area",28,23,"Clarke County, Mississippi",32.0396256,-88.7003965
33020,"Mexico, MO Micro Area",29,7,"Audrain County, Missouri",39.2226625,-91.8467268
33060,"Miami, OK Micro Area",40,115,"Ottawa County, Oklahoma",36.8223646,-94.8186091
33100,"Miami-Fort Lauderdale-West Palm Beach, FL Metro Area",12,11,"Broward County, Florida",26.1598074,-80.4623642
33140,"Michigan City-La Porte, IN Metro Area",18,91,"LaPorte County, Indiana",41.5718945,-86.7490124
33180,"Middlesborough, KY Micro Area",21,13,"Bell County, Kentucky",36.7370344,-83.6491695
33220,"Midland, MI Metro Area",26,111,"Midland County, Michigan",43.634525,-84.3840821
33260,"Midland, TX Metro Area",48,317,"Martin County, Texas",32.2675039,-101.9190317
33300,"Milledgeville, GA Micro Area",13,9,"Baldwin County, Georgia",33.0869398,-83.2633216
33340,"Milwaukee-Waukesha, WI Metro Area",55,79,"Milwaukee County, Wisconsin",43.018032500000004,-87.58075460628575
33380,"Minden, LA Micro Area",22,119,"Webster Parish, Louisiana",32.6358137,-93.3285187
33420,"Mineral Wells, TX Micro Area",48,363,"Palo Pinto County, Texas",32.7215726,-98.2814881
33460,"Minneapolis-St. Paul-Bloomington, MN-WI Metro Area",27,3,"Anoka County, Minnesota",45.2710195,-93.2827625
33500,"Minot, ND Metro Area",38,49,"McHenry County, North Dakota",48.1907427,-100.65378
33540,"Missoula, MT Metro Area",30,61,"Mineral County, Montana",47.1330265,-114.9202341
33580,"Mitchell, SD Micro Area",46,35,"Davison County, South Dakota",43.6660467,-98.1383168
33620,"Moberly, MO Micro Area",29,175,"Randolph County, Missouri",39.4418988,-92.5009215
33660,"Mobile, AL Metro Area",1,97,"Mobile County, Alabama",30.6488242,-88.194642
33700,"Modesto, CA Metro Area",6,99,"Stanislaus County, California",37.5500871,-121.0501425
33740,"Monroe, LA Metro Area",22,67,"Morehouse Parish, Louisiana",32.8326959,-91.8374127
33780,"Monroe, MI Metro Area",26,115,"Monroe County, Michigan",41.9153358,-83.5135665
33860,"Montgomery, AL Metro Area",1,1,"Autauga County, Alabama",32.5165255,-86.6319403
33900,"Monticello, IN Micro Area",18,181,"White County, Indiana",40.7422434,-86.8713913
33910,"Monticello, NY Micro Area",36,105,"Sullivan County, New York",41.7156311,-74.7804323
33940,"Montrose, CO Micro Area",8,85,"Montrose County, Colorado",38.4375391,-108.2403855
33980,"Morehead City, NC Micro Area",37,31,"Carteret County, North Carolina",34.8496625,-76.5931208
34020,"Morgan City, LA Micro Area",22,101,"St. Mary Parish, Louisiana",29.692329,-91.442465
34060,"Morgantown, WV Metro Area",54,61,"Monongalia County, West Virginia",39.6391074,-80.0300399
34100,"Morristown, TN Metro Area",47,63,"Hamblen County, Tennessee",36.2068067,-83.267995
34140,"Moscow, ID Micro Area",16,57,"Latah County, Idaho",46.8171611,-116.693441
34180,"Moses Lake, WA Micro Area",53,25,"Grant County, Washington",47.119015,-119.4904332
34220,"Moultrie, GA Micro Area",13,71,"Colquitt County, Georgia",31.1803601,-83.7696152
34260,"Mountain Home, AR Micro Area",5,5,"Baxter County, Arkansas",36.2820691,-92.3445222
34300,"Mountain Home, ID Micro Area",16,39,"Elmore County, Idaho",43.3073766,-115.5411027
34340,"Mount Airy, NC Micro Area",37,171,"Surry County, North Carolina",36.4135582,-80.7013751
34380,"Mount Pleasant, MI Micro Area",26,73,"Isabella County, Michigan",43.6306545,-84.8468516
34420,"Mount Pleasant, TX Micro Area",48,63,"Camp County, Texas",32.9723128,-94.9852858
34460,"Mount Sterling, KY Micro Area",21,11,"Bath County, Kentucky",38.1245248,-83.7249243
34500,"Mount Vernon, IL Micro Area",17,81,"Jefferson County, Illinois",38.3010487,-88.9344303
34540,"Mount Vernon, OH Micro Area",39,83,"Knox County, Ohio",40.4467896,-82.4056302
34580,"Mount Vernon-Anacortes, WA Metro Area",53,57,"Skagit County, Washington",48.4596092,-121.7332784
34620,"Muncie, IN Metro Area",18,35,"Delaware County, Indiana",40.2193275,-85.4040612
34660,"Murray, KY Micro Area",21,35,"Calloway County, Kentucky",36.6257937,-88.271076
34680,"Murrells Inlet, SC Micro Area",45,43,"Georgetown County, South Carolina",33.4392245,-79.3343041
34700,"Muscatine, IA Micro Area",19,139,"Muscatine County, Iowa",41.4776121,-91.1210053
34740,"Muskegon-Norton Shores, MI Metro Area",26,121,"Muskegon County, Michigan",43.2484584,-86.129351
34780,"Muskogee, OK Micro Area",40,101,"Muskogee County, Oklahoma",35.6630196,-95.3927706
34820,"Myrtle Beach-Conway-North Myrtle Beach, SC Metro Area",45,51,"Horry County, South Carolina",33.9204504,-78.9578973
34860,"Nacogdoches, TX Micro Area",48,347,"Nacogdoches County, Texas",31.5970503,-94.5927451
34880,"Nantucket, MA Micro Area",25,19,"Nantucket County, Massachusetts",41.2727997,-70.0951867
34900,"Napa, CA Metro Area",6,55,"Napa County, California",38.4898675,-122.3218414
34940,"Naples-Marco Island, FL Metro Area",12,21,"Collier County, Florida",26.087964,-81.3794941
34980,"Nashville-Davidson--Murfreesboro--Franklin, TN Metro Area",47,15,"Cannon County, Tennessee",35.8044159,-86.0512075
35020,"Natchez, MS-LA Micro Area",22,29,"Concordia Parish, Louisiana",31.3941887,-91.6714379
35060,"Natchitoches, LA Micro Area",22,69,"Natchitoches Parish, Louisiana",31.6464192,-93.1427138
35100,"New Bern, NC Micro Area",37,49,"Craven County, North Carolina",35.0808574,-77.0439978
35140,"Newberry, SC Micro Area",45,71,"Newberry County, South Carolina",34.3266879,-81.5830086
35220,"New Castle, IN Micro Area",18,65,"Henry County, Indiana",39.9297608,-85.4043542
35300,"New Haven, CT Metro Area",9,170,"South Central Connecticut Planning Region, Connecticut",41.3330254,-72.82740274926527
35340,"New Iberia, LA Micro Area",22,45,"Iberia Parish, Louisiana",29.9812242,-91.7451362
35380,"New Orleans-Metairie, LA Metro Area",22,51,"Jefferson Parish, Louisiana",29.8502657,-90.1293894
35420,"New Philadelphia-Dover, OH Micro Area",39,157,"Tuscarawas County, Ohio",40.3759469,-81.464888
35440,"Newport, OR Micro Area",41,41,"Lincoln County, Oregon",44.6201742,-123.9276915
35460,"Newport, TN Micro Area",47,29,"Cocke County, Tennessee",35.9467093,-83.103978
35580,"New Ulm, MN Micro Area",27,15,"Brown County, Minnesota",44.2350232,-94.6955051
35620,"New York-Newark-Jersey City, NY-NJ Metro Area",34,3,"Bergen County, New Jersey",40.9678345,-74.0563254
35660,"Niles, MI Metro Area",26,21,"Berrien County, Michigan",41.9838614,-86.3985714
35700,"Nogales, AZ Micro Area",4,23,"Santa Cruz County, Arizona",31.5094579,-110.847628
35740,"Norfolk, NE Micro Area",31,119,"Madison County, Nebraska",41.9064942,-97.5961512
35820,"North Platte, NE Micro Area",31,111,"Lincoln County, Nebraska",41.0245579,-100.7366742
35840,"North Port-Bradenton-Sarasota, FL Metro Area",12,81,"Manatee County, Florida",27.5213933,-82.3801566
35900,"North Wilkesboro, NC Micro Area",37,193,"Wilkes County, North Carolina",36.1998247,-81.1341351
35940,"Norwalk, OH Micro Area",39,77,"Huron County, Ohio",41.1305303,-82.591828
35980,"Norwich-New London-Willimantic, CT Metro Area",9,180,"Southeastern Connecticut Planning Region, Connecticut",41.4931605,-72.05600419270212
36020,"Oak Harbor, WA Micro Area",53,29,"Island County, Washington",48.2162669,-122.6842402
36100,"Ocala, FL Metro Area",12,83,"Marion County, Florida",29.2182454,-82.0626948
36180,"Ocean Pines, MD Micro Area",24,47,"Worcester County, Maryland",38.2231182,-75.3319465
36220,"Odessa, TX Metro Area",48,135,"Ector County, Texas",31.8941755,-102.5794339
36260,"Ogden, UT Metro Area",49,11,"Davis County, Utah",41.0263758,-112.1197426
36340,"Oil City, PA Micro Area",42,121,"Venango County, Pennsylvania",41.3996112,-79.7709417
36380,"Okeechobee, FL Micro Area",12,93,"Okeechobee County, Florida",27.3923408,-80.8873655
36420,"Oklahoma City, OK Metro Area",40,17,"Canadian County, Oklahoma",35.5438102,-98.0031532
36460,"Olean, NY Micro Area",36,9,"Cattaraugus County, New York",42.2234823,-78.6477096
36500,"Olympia-Lacey-Tumwater, WA Metro Area",53,67,"Thurston County, Washington",46.9319983,-122.8855155
36540,"Omaha, NE-IA Metro Area",19,85,"Harrison County, Iowa",41.6659155,-95.7976315
36580,"Oneonta, NY Micro Area",36,77,"Otsego County, New York",42.5984272,-75.0142701
36620,"Ontario, OR-ID Micro Area",16,75,"Payette County, Idaho",44.0374651,-116.7651123
36660,"Opelousas, LA Micro Area",22,97,"St. Landry Parish, Louisiana",30.6174002,-92.0035057
36700,"Orangeburg, SC Micro Area",45,75,"Orangeburg County, South Carolina",33.4054944,-80.778429
36740,"Orlando-Kissimmee-Sanford, FL Metro Area",12,69,"Lake County, Florida",28.7006859,-81.78994
36780,"Oshkosh-Neenah, WI Metro Area",55,139,"Winnebago County, Wisconsin",44.0697014,-88.6516527
36820,"Oskaloosa, IA Micro Area",19,123,"Mahaska County, Iowa",41.314939,-92.6489935
36830,"Othello, WA Micro Area",53,1,"Adams County, Washington",46.9723633,-118.5934644
36837,"Ottawa, IL Micro Area",17,11,"Bureau County, Illinois",41.4016294,-89.5341179
36840,"Ottawa, KS Micro Area",20,59,"Franklin County, Kansas",38.5720008,-95.3184483
36900,"Ottumwa, IA Micro Area",19,179,"Wapello County, Iowa",41.0137597,-92.4140217
36940,"Owatonna, MN Micro Area",27,147,"Steele County, Minnesota",44.0137336,-93.2203671
36980,"Owensboro, KY Metro Area",21,59,"Daviess County, Kentucky",37.6877924,-87.0818357
37020,"Owosso, MI Micro Area",26,155,"Shiawassee County, Michigan",42.9429488,-84.1458259
37060,"Oxford, MS Micro Area",28,71,"Lafayette County, Mississippi",34.3519035,-89.4664677
37100,"Oxnard-Thousand Oaks-Ventura, CA Metro Area",6,111,"Ventura County, California",34.4458248,-119.0779359
37120,"Ozark, AL Micro Area",1,45,"Dale County, Alabama",31.3940969,-85.623763
37140,"Paducah, KY-IL Metro Area",17,127,"Massac County, Illinois",37.2177417,-88.7163312
37220,"Pahrump, NV Micro Area",32,23,"Nye County, Nevada",38.3544843,-116.406961
37260,"Palatka, FL Micro Area",12,107,"Putnam County, Florida",29.6266155,-81.7230549
37300,"Palestine, TX Micro Area",48,1,"Anderson County, Texas",31.7819242,-95.6258199
37340,"Palm Bay-Melbourne-Titusville, FL Metro Area",12,9,"Brevard County, Florida",28.2100203,-80.7997185
37420,"Pampa, TX Micro Area",48,179,"Gray County, Texas",35.3711816,-100.7892236
37460,"Panama City-Panama City Beach, FL Metro Area",12,5,"Bay County, Florida",30.2481693,-85.6593633
37500,"Paragould, AR Micro Area",5,55,"Greene County, Arkansas",36.091803,-90.5778883
37540,"Paris, TN Micro Area",47,79,"Henry County, Tennessee",36.3180775,-88.3108196
37580,"Paris, TX Micro Area",48,277,"Lamar County, Texas",33.6383552,-95.582343
37620,"Parkersburg-Vienna, WV Metro Area",54,105,"Wirt County, West Virginia",39.0287156,-81.3558282
37740,"Payson, AZ Micro Area",4,7,"Gila County, Arizona",33.74162695,-110.68145790073925
37800,"Pella, IA Micro Area",19,125,"Marion County, Iowa",41.3144108,-93.1010141
37860,"Pensacola-Ferry Pass-Brent, FL Metro Area",12,33,"Escambia County, Florida",30.6625885,-87.3451089
37900,"Peoria, IL Metro Area",17,123,"Marshall County, Illinois",41.0324537,-89.2998456
37940,"Peru, IN Micro Area",18,103,"Miami County, Indiana",40.7454905,-86.0639451
37950,"Petoskey, MI Micro Area",26,47,"Emmet County, Michigan",45.5064041,-84.8567966
37980,"Philadelphia-Camden-Wilmington, PA-NJ-DE-MD Metro Area",10,3,"New Castle County, Delaware",39.6159851,-75.662956
38060,"Phoenix-Mesa-Chandler, AZ Metro Area",4,13,"Maricopa County, Arizona",33.34883,-112.49123
38100,"Picayune, MS Micro Area",28,109,"Pearl River County, Mississippi",30.7761604,-89.5984726
38180,"Pierre, SD Micro Area",46,65,"Hughes County, South Dakota",44.4047339,-99.946102
38210,"Pikeville, KY Micro Area",21,71,"Floyd County, Kentucky",37.5473459,-82.7645621
38220,"Pine Bluff, AR Micro Area",5,25,"Cleveland County, Arkansas",33.8847138,-92.1724506
38240,"Pinehurst-Southern Pines, NC Metro Area",37,125,"Moore County, North Carolina",35.3054614,-79.4761236
38260,"Pittsburg, KS Micro Area",20,37,"Crawford County, Kansas",37.503889,-94.8652466
38300,"Pittsburgh, PA Metro Area",42,3,"Allegheny County, Pennsylvania",40.4597204,-79.9760405
38340,"Pittsfield, MA Metro Area",25,3,"Berkshire County, Massachusetts",42.3999954,-73.2322639
38380,"Plainview, TX Micro Area",48,153,"Floyd County, Texas",34.0266015,-101.2765537
38420,"Platteville, WI Micro Area",55,43,"Grant County, Wisconsin",42.8855277,-90.6991696
38460,"Plattsburgh, NY Micro Area",36,19,"Clinton County, New York",44.7278943,-73.6686982
38500,"Plymouth, IN Micro Area",18,99,"Marshall County, Indiana",41.322843,-86.2809625
38540,"Pocatello, ID Metro Area",16,5,"Bannock County, Idaho",42.6936188,-112.2506044
38620,"Ponca City, OK Micro Area",40,71,"Kay County, Oklahoma",36.8384462,-97.1571626
38700,"Pontiac, IL Micro Area",17,105,"Livingston County, Illinois",40.8682487,-88.5631125
38740,"Poplar Bluff, MO Micro Area",29,23,"Butler County, Missouri",36.7151346,-90.4146358
38820,"Port Angeles, WA Micro Area",53,9,"Clallam County, Washington",47.9998383,-123.7373472
38860,"Portland-South Portland, ME Metro Area",23,5,"Cumberland County, Maine",43.8506432,-70.4001498
38900,"Portland-Vancouver-Hillsboro, OR-WA Metro Area",41,5,"Clackamas County, Oregon",45.1608821,-122.2305038
38920,"Port Lavaca, TX Micro Area",48,57,"Calhoun County, Texas",28.5031572,-96.6736551
38940,"Port St. Lucie, FL Metro Area",12,85,"Martin County, Florida",27.0673711,-80.3994412
39020,"Portsmouth, OH Micro Area",39,145,"Scioto County, Ohio",38.823448,-83.017141
39040,"Port Townsend, WA Micro Area",53,31,"Jefferson County, Washington",47.7325289,-123.6328565
39060,"Pottsville, PA Micro Area",42,107,"Schuylkill County, Pennsylvania",40.6936632,-76.2277971
39150,"Prescott Valley-Prescott, AZ Metro Area",4,25,"Yavapai County, Arizona",34.5668857,-112.5515965
39220,"Price, UT Micro Area",49,7,"Carbon County, Utah",39.6023917,-110.6505023
39300,"Providence-Warwick, RI-MA Metro Area",25,5,"Bristol County, Massachusetts",41.7425538,-71.0856545
39340,"Provo-Orem-Lehi, UT Metro Area",49,23,"Juab County, Utah",39.6949628,-112.8342117
39380,"Pueblo, CO Metro Area",8,101,"Pueblo County, Colorado",38.187635,-104.5350145
39420,"Pullman, WA Micro Area",53,75,"Whitman County, Washington",46.9428831,-117.5286172
39460,"Punta Gorda, FL Metro Area",12,15,"Charlotte County, Florida",26.9013269,-81.9156799
39480,"Putnam, CT Micro Area",9,150,"Northeastern Connecticut Planning Region, Connecticut",41.7675225,-71.9745897980998
39500,"Quincy, IL-MO Micro Area",17,1,"Adams County, Illinois",39.9787786,-91.2110065
39540,"Racine-Mount Pleasant, WI Metro Area",55,101,"Racine County, Wisconsin",42.7303792,-87.68034968164059
39580,"Raleigh-Cary, NC Metro Area",37,69,"Franklin County, North Carolina",36.1028596,-78.2787229
39660,"Rapid City, SD Metro Area",46,33,"Custer County, South Dakota",43.6726477,-103.5101597
39700,"Raymondville, TX Micro Area",48,489,"Willacy County, Texas",26.4553947,-97.5947484
39740,"Reading, PA Metro Area",42,11,"Berks County, Pennsylvania",40.4113762,-75.9433305
39780,"Red Bluff, CA Micro Area",6,103,"Tehama County, California",40.1251334,-122.2015529
39820,"Redding, CA Metro Area",6,89,"Shasta County, California",40.7965121,-121.9979194
39860,"Red Wing, MN Micro Area",27,49,"Goodhue County, Minnesota",44.396973,-92.7175627
39900,"Reno, NV Metro Area",32,19,"Lyon County, Nevada",38.9887898,-119.1822042
39940,"Rexburg, ID Micro Area",16,43,"Fremont County, Idaho",44.2309391,-111.4218314
39960,"Rice Lake, WI Micro Area",55,5,"Barron County, Wisconsin",45.423557,-91.8454099
39980,"Richmond, IN Micro Area",18,177,"Wayne County, Indiana",39.8638778,-85.0198586
40060,"Richmond, VA Metro Area",51,7,"Amelia County, Virginia",37.3319664,-78.008448
40080,"Richmond-Berea, KY Micro Area",21,65,"Estill County, Kentucky",37.6896864,-83.9407279
40090,"Rifle, CO Micro Area",8,45,"Garfield County, Colorado",39.5462048,-107.8776144
40100,"Rio Grande City-Roma, TX Micro Area",48,427,"Starr County, Texas",26.5630409,-98.7479897
40140,"Riverside-San Bernardino-Ontario, CA Metro Area",6,65,"Riverside County, California",33.7219991,-116.0372472
40180,"Riverton, WY Micro Area",56,13,"Fremont County, Wyoming",43.0293336,-108.5772551
40220,"Roanoke, VA Metro Area",51,23,"Botetourt County, Virginia",37.5520825,-79.8029569
40260,"Roanoke Rapids, NC Micro Area",37,83,"Halifax County, North Carolina",36.2494056,-77.66834
40300,"Rochelle, IL Micro Area",17,141,"Ogle County, Illinois",42.0397014,-89.3138599
40340,"Rochester, MN Metro Area",27,39,"Dodge County, Minnesota",44.0175404,-92.8678406
40380,"Rochester, NY Metro Area",36,51,"Livingston County, New York",42.7360902,-77.7781416
40420,"Rockford, IL Metro Area",17,7,"Boone County, Illinois",42.321246,-88.8235511
40460,"Rockingham, NC Micro Area",37,153,"Richmond County, North Carolina",35.0288383,-79.7333261
40540,"Rock Springs, WY Micro Area",56,37,"Sweetwater County, Wyoming",41.6239475,-108.9702314
40580,"Rocky Mount, NC Metro Area",37,65,"Edgecombe County, North Carolina",35.9213841,-77.5971695
40620,"Rolla, MO Micro Area",29,161,"Phelps County, Missouri",37.913292,-91.8168126
40660,"Rome, GA Metro Area",13,115,"Floyd County, Georgia",34.2421984,-85.2229248
40700,"Roseburg, OR Micro Area",41,19,"Douglas County, Oregon",43.1922115,-123.1135963
40740,"Roswell, NM Micro Area",35,5,"Chaves County, New Mexico",33.2993426,-104.5133481
40760,"Ruidoso, NM Micro Area",35,27,"Lincoln County, New Mexico",33.7525727,-105.4158806
40770,"Russellville, AL Micro Area",1,59,"Franklin County, Alabama",34.440962,-87.8339064
40780,"Russellville, AR Micro Area",5,115,"Pope County, Arkansas",35.453867,-93.0498623
40820,"Ruston, LA Micro Area",22,61,"Lincoln Parish, Louisiana",32.598162,-92.6792848
40860,"Rutland, VT Micro Area",50,21,"Rutland County, Vermont",43.574224,-73.02562162378587
40900,"Sacramento-Roseville-Folsom, CA Metro Area",6,17,"El Dorado County, California",38.7574137,-120.5276129
40940,"Safford, AZ Micro Area",4,9,"Graham County, Arizona",32.8397096,-109.8685752
40980,"Saginaw, MI Metro Area",26,145,"Saginaw County, Michigan",43.3326882,-84.0468403
41060,"St. Cloud, MN Metro Area",27,9,"Benton County, Minnesota",45.7162129,-94.0481042
41100,"St. George, UT Metro Area",49,53,"Washington County, Utah",37.2393471,-113.525776
41140,"St. Joseph, MO-KS Metro Area",20,43,"Doniphan County, Kansas",39.7831556,-95.1776492
41180,"St. Louis, MO-IL Metro Area",17,5,"Bond County, Illinois",38.8630331,-89.4391416
41260,"St. Marys, PA Micro Area",42,47,"Elk County, Pennsylvania",41.437362,-78.626009
41400,"Salem, OH Micro Area",39,29,"Columbiana County, Ohio",40.7787016,-80.7648602
41420,"Salem, OR Metro Area",41,47,"Marion County, Oregon",44.8964425,-122.7203248
41460,"Salina, KS Micro Area",20,143,"Ottawa County, Kansas",39.1273653,-97.6568094
41500,"Salinas, CA Metro Area",6,53,"Monterey County, California",36.2231079,-121.387742
41540,"Salisbury, MD Metro Area",24,39,"Somerset County, Maryland",38.0630795,-75.8745873
41620,"Salt Lake City-Murray, UT Metro Area",49,35,"Salt Lake County, Utah",40.6632297,-111.9103124
41660,"San Angelo, TX Metro Area",48,235,"Irion County, Texas",31.2931196,-100.980073
41700,"San Antonio-New Braunfels, TX Metro Area",48,13,"Atascosa County, Texas",28.8554434,-98.5316314
41740,"San Diego-Chula Vista-Carlsbad, CA Metro Area",6,73,"San Diego County, California",32.9637838,-116.7706277
41760,"Sandpoint, ID Micro Area",16,17,"Bonner County, Idaho",48.2663565,-116.5952716
41780,"Sandusky, OH Metro Area",39,43,"Erie County, Ohio",41.3506462,-82.640448
41820,"Sanford, NC Micro Area",37,105,"Lee County, North Carolina",35.4691746,-79.1547643
41860,"San Francisco-Oakland-Fremont, CA Metro Area",6,1,"Alameda County, California",37.6090291,-121.899142
41940,"San Jose-Sunnyvale-Santa Clara, CA Metro Area",6,69,"San Benito County, California",36.6231225,-121.1157794
42020,"San Luis Obispo-Paso Robles, CA Metro Area",6,79,"San Luis Obispo County, California",35.3540209,-120.375716
42100,"Santa Cruz-Watsonville, CA Metro Area",6,87,"Santa Cruz County, California",37.050096,-121.99059
42140,"Santa Fe, NM Metro Area",35,49,"Santa Fe County, New Mexico",35.4859674,-106.01355
42200,"Santa Maria-Santa Barbara, CA Metro Area",6,83,"Santa Barbara County, California",34.7136533,-119.985823
42220,"Santa Rosa-Petaluma, CA Metro Area",6,97,"Sonoma County, California",38.5110803,-122.8473388
42300,"Sault Ste. Marie, MI Micro Area",26,33,"Chippewa County, Michigan",46.3111149,-84.6428564
42340,"Savannah, GA Metro Area",13,29,"Bryan County, Georgia",32.0034889,-81.4241017
42380,"Sayre, PA Micro Area",42,15,"Bradford County, Pennsylvania",41.7746685,-76.5264613
42420,"Scottsbluff, NE Micro Area",31,7,"Banner County, Nebraska",41.5584661,-103.7433155
42460,"Scottsboro, AL Micro Area",1,71,"Jackson County, Alabama",34.7692447,-85.9867941
42540,"Scranton--Wilkes-Barre, PA Metro Area",42,69,"Lackawanna County, Pennsylvania",41.4406084,-75.6260271
42580,"Seaford, DE Micro Area",10,5,"Sussex County, Delaware",38.6908097,-75.3691421
42620,"Searcy, AR Micro Area",5,145,"White County, Arkansas",35.2463042,-91.7169687
42660,"Seattle-Tacoma-Bellevue, WA Metro Area",53,33,"King County, Washington",47.4873376,-121.8622122
42680,"Sebastian-Vero Beach-West Vero Corridor, FL Metro Area",12,61,"Indian River County, Florida",27.7041555,-80.5894422
42700,"Sebring, FL Metro Area",12,55,"Highlands County, Florida",27.3513186,-81.3615717
42740,"Sedalia, MO Micro Area",29,159,"Pettis County, Missouri",38.7346291,-93.2991713
42780,"Selinsgrove, PA Micro Area",42,109,"Snyder County, Pennsylvania",40.7615395,-77.0909536
42820,"Selma, AL Micro Area",1,47,"Dallas County, Alabama",32.3117968,-87.1046643
42860,"Seneca, SC Micro Area",45,73,"Oconee County, South Carolina",34.7622221,-83.1099645
42900,"Seneca Falls, NY Micro Area",36,99,"Seneca County, New York",42.7831619,-76.8386051
42940,"Sevierville, TN Micro Area",47,155,"Sevier County, Tennessee",35.8047065,-83.5291901
42980,"Seymour, IN Micro Area",18,71,"Jackson County, Indiana",38.9023184,-86.0650856
43020,"Shawano, WI Micro Area",55,78,"Menominee County, Wisconsin",45.0154357,-88.7089153
43060,"Shawnee, OK Micro Area",40,125,"Pottawatomie County, Oklahoma",35.1783637,-96.969909
43100,"Sheboygan, WI Metro Area",55,117,"Sheboygan County, Wisconsin",43.7128967,-87.9370433
43140,"Shelby-Kings Mountain, NC Micro Area",37,45,"Cleveland County, North Carolina",35.330702,-81.5507523
43180,"Shelbyville, TN Micro Area",47,3,"Bedford County, Tennessee",35.5099479,-86.4507189
43220,"Shelton, WA Micro Area",53,45,"Mason County, Washington",47.3429635,-123.1822758
43260,"Sheridan, WY Micro Area",56,33,"Sheridan County, Wyoming",44.7947537,-106.8222688
43300,"Sherman-Denison, TX Metro Area",48,181,"Grayson County, Texas",33.5636114,-96.6702111
43320,"Show Low, AZ Micro Area",4,17,"Navajo County, Arizona",35.1819775,-110.3549451
43340,"Shreveport-Bossier City, LA Metro Area",22,15,"Bossier Parish, Louisiana",32.6676663,-93.5959786
43380,"Sidney, OH Micro Area",39,149,"Shelby County, Ohio",40.3491604,-84.1593008
43420,"Sierra Vista-Douglas, AZ Metro Area",4,3,"Cochise County, Arizona",31.8514532,-109.8181858
43460,"Sikeston, MO Micro Area",29,133,"Mississippi County, Missouri",36.837087,-89.3336141
43500,"Silver City, NM Micro Area",35,17,"Grant County, New Mexico",32.7548776,-108.3634144
43580,"Sioux City, IA-NE-SD Metro Area",19,193,"Woodbury County, Iowa",42.3775361,-96.0607187
43620,"Sioux Falls, SD-MN Metro Area",27,133,"Rock County, Minnesota",43.6733632,-96.2574328
43640,"Slidell-Mandeville-Covington, LA Metro Area",22,103,"St. Tammany Parish, Louisiana",30.4243909,-89.9730381
43660,"Snyder, TX Micro Area",48,415,"Scurry County, Texas",32.7225172,-100.9052015
43700,"Somerset, KY Micro Area",21,199,"Pulaski County, Kentucky",37.1124781,-84.593893
43740,"Somerset, PA Micro Area",42,111,"Somerset County, Pennsylvania",39.9980022,-79.0415528
43760,"Sonora, CA Micro Area",6,109,"Tuolumne County, California",38.056944,-119.9919351
43780,"South Bend-Mishawaka, IN-MI Metro Area",18,141,"St. Joseph County, Indiana",41.5941578,-86.2787334
43890,"Sparta, WI Micro Area",55,81,"Monroe County, Wisconsin",43.9416755,-90.6397264
43900,"Spartanburg, SC Metro Area",45,83,"Spartanburg County, South Carolina",34.937029,-81.9955954
43940,"Spearfish, SD Micro Area",46,81,"Lawrence County, South Dakota",44.3501591,-103.8248538
43980,"Spencer, IA Micro Area",19,41,"Clay County, Iowa",43.0809373,-95.1407762
44020,"Spirit Lake, IA Micro Area",19,59,"Dickinson County, Iowa",43.3753018,-95.1654279
44060,"Spokane-Spokane Valley, WA Metro Area",53,63,"Spokane County, Washington",47.5354964,-117.4074674
44100,"Springfield, IL Metro Area",17,129,"Menard County, Illinois",40.0166667,-89.7858065
44140,"Springfield, MA Metro Area",25,13,"Hampden County, Massachusetts",42.1285315,-72.6063441
44180,"Springfield, MO Metro Area",29,43,"Christian County, Missouri",36.9586087,-93.1692896
44220,"Springfield, OH Metro Area",39,23,"Clark County, Ohio",39.9229676,-83.7905959
44260,"Starkville, MS Micro Area",28,105,"Oktibbeha County, Mississippi",33.4131096,-88.8937318
44300,"State College, PA Metro Area",42,27,"Centre County, Pennsylvania",40.9381735,-77.7865722
44340,"Statesboro, GA Micro Area",13,31,"Bulloch County, Georgia",32.3846338,-81.744832
44420,"Staunton-Stuarts Draft, VA Metro Area",51,15,"Augusta County, Virginia",38.1793809,-79.1525761
44460,"Steamboat Springs, CO Micro Area",8,81,"Moffat County, Colorado",40.6083135,-108.252345
44500,"Stephenville, TX Micro Area",48,143,"Erath County, Texas",32.1954856,-98.2213499
44540,"Sterling, CO Micro Area",8,75,"Logan County, Colorado",40.7250975,-103.1221379
44580,"Sterling, IL Micro Area",17,195,"Whiteside County, Illinois",41.7612332,-89.9214744
44620,"Stevens Point-Plover, WI Micro Area",55,97,"Portage County, Wisconsin",44.4604931,-89.5108818
44660,"Stillwater, OK Micro Area",40,119,"Payne County, Oklahoma",36.0721527,-96.9456522
44700,"Stockton-Lodi, CA Metro Area",6,77,"San Joaquin County, California",37.9372901,-121.2773719
44740,"Storm Lake, IA Micro Area",19,21,"Buena Vista County, Iowa",42.7445814,-95.1127525
44780,"Sturgis, MI Micro Area",26,149,"St. Joseph County, Michigan",41.9031963,-85.5356726
44860,"Sulphur Springs, TX Micro Area",48,223,"Hopkins County, Texas",33.1368252,-95.5656578
44900,"Summerville, GA Micro Area",13,55,"Chattooga County, Georgia",34.4620931,-85.3660518
44940,"Sumter, SC Metro Area",45,85,"Sumter County, South Carolina",33.8998826,-80.3237032
44980,"Sunbury, PA Micro Area",42,93,"Montour County, Pennsylvania",41.0289528,-76.6615816
45000,"Susanville, CA Micro Area",6,35,"Lassen County, California",40.7685579,-120.730998
45020,"Sweetwater, TX Micro Area",48,353,"Nolan County, Texas",32.2719306,-100.3987748
45060,"Syracuse, NY Metro Area",36,53,"Madison County, New York",42.875882,-75.6802581
45140,"Tahlequah, OK Micro Area",40,21,"Cherokee County, Oklahoma",35.9158661,-94.9950063
45180,"Talladega-Sylacauga, AL Micro Area",1,37,"Coosa County, Alabama",32.9181762,-86.2327497
45220,"Tallahassee, FL Metro Area",12,39,"Gadsden County, Florida",30.5937346,-84.6389937
45300,"Tampa-St. Petersburg-Clearwater, FL Metro Area",12,53,"Hernando County, Florida",28.5710156,-82.4605068
45340,"Taos, NM Micro Area",35,55,"Taos County, New Mexico",36.4925795,-105.6812782
45380,"Taylorville, IL Micro Area",17,21,"Christian County, Illinois",39.5212598,-89.2829783
45460,"Terre Haute, IN Metro Area",18,21,"Clay County, Indiana",39.3864958,-87.1025862
45500,"Texarkana, TX-AR Metro Area",5,81,"Little River County, Arkansas",33.6968793,-94.2065398
45520,"The Dalles, OR Micro Area",41,65,"Wasco County, Oregon",45.0430227,-121.2154207
45580,"Thomaston, GA Micro Area",13,293,"Upson County, Georgia",32.8641062,-84.2904968
45620,"Thomasville, GA Micro Area",13,131,"Grady County, Georgia",30.867067,-84.2322943
45660,"Tiffin, OH Micro Area",39,147,"Seneca County, Ohio",41.12350185,-83.12789884701573
45700,"Tifton, GA Micro Area",13,277,"Tift County, Georgia",31.45874595,-83.51792416411274
45740,"Toccoa, GA Micro Area",13,257,"Stephens County, Georgia",34.55119,-83.2976462
45780,"Toledo, OH Metro Area",39,51,"Fulton County, Ohio",41.6045817,-84.1141048
45820,"Topeka, KS Metro Area",20,85,"Jackson County, Kansas",39.4030917,-95.8159647
45860,"Torrington, CT Micro Area",9,160,"Northwest Hills Planning Region, Connecticut",41.777500149999995,-73.21249993069905
45880,"Town of Pecos, TX Micro Area",48,389,"Reeves County, Texas",31.232003,-103.6583657
45900,"Traverse City, MI Metro Area",26,19,"Benzie County, Michigan",44.6408868,-85.9928452
45940,"Trenton-Princeton, NJ Metro Area",34,21,"Mercer County, New Jersey",40.2807177,-74.7033717
45980,"Troy, AL Micro Area",1,109,"Pike County, Alabama",31.7615793,-85.9259465
46020,"Truckee-Grass Valley, CA Micro Area",6,57,"Nevada County, California",39.3540335,-120.8089843
46060,"Tucson, AZ Metro Area",4,19,"Pima County, Arizona",32.1112624,-111.6546163
46100,"Tullahoma-Manchester, TN Micro Area",47,31,"Coffee County, Tennessee",35.4906115,-86.069633
46140,"Tulsa, OK Metro Area",40,37,"Creek County, Oklahoma",35.8830723,-96.3835476
46180,"Tupelo, MS Micro Area",28,57,"Itawamba County, Mississippi",34.2774018,-88.3713687
46220,"Tuscaloosa, AL Metro Area",1,63,"Greene County, Alabama",32.8620514,-87.9915392
46300,"Twin Falls, ID Metro Area",16,53,"Jerome County, Idaho",42.702266,-114.286704
46340,"Tyler, TX Metro Area",48,423,"Smith County, Texas",32.3402898,-95.2563971
46380,"Ukiah, CA Micro Area",6,45,"Mendocino County, California",39.3176491,-123.4126399
46460,"Union City, TN Micro Area",47,131,"Obion County, Tennessee",36.3556031,-89.1748819
46500,"Urbana, OH Micro Area",39,21,"Champaign County, Ohio",40.1726987,-83.7701999
46520,"Urban Honolulu, HI Metro Area",15,3,"Honolulu County, Hawaii",21.468151,-157.960511
46540,"Utica-Rome, NY Metro Area",36,43,"Herkimer County, New York",43.4911326,-74.9481252
46620,"Uvalde, TX Micro Area",48,463,"Uvalde County, Texas",29.300357,-99.7733181
46660,"Valdosta, GA Metro Area",13,27,"Brooks County, Georgia",30.8336559,-83.5958387
46700,"Vallejo, CA Metro Area",6,95,"Solano County, California",38.2218938,-121.9163555
46780,"Van Wert, OH Micro Area",39,161,"Van Wert County, Ohio",40.8014651,-84.600988
46820,"Vermillion, SD Micro Area",46,27,"Clay County, South Dakota",42.9190617,-96.9712933
46860,"Vernal, UT Micro Area",49,47,"Uintah County, Utah",40.1943199,-109.5770955
46900,"Vernon, TX Micro Area",48,487,"Wilbarger County, Texas",34.0265157,-99.2085961
46980,"Vicksburg, MS Micro Area",28,149,"Warren County, Mississippi",32.3649516,-90.7975574
47020,"Victoria, TX Metro Area",48,175,"Goliad County, Texas",28.6467776,-97.4379552
47080,"Vidalia, GA Micro Area",13,209,"Montgomery County, Georgia",32.0839135,-82.539273
47180,"Vincennes, IN Micro Area",18,83,"Knox County, Indiana",38.687009,-87.3811461
47220,"Vineland, NJ Metro Area",34,11,"Cumberland County, New Jersey",39.3183341,-75.1623239
47240,"Vineyard Haven, MA Micro Area",25,7,"Dukes County, Massachusetts",41.3926378,-70.642011
47260,"Virginia Beach-Chesapeake-Norfolk, VA-NC Metro Area",37,29,"Camden County, North Carolina",36.3106247,-76.1150606
47300,"Visalia, CA Metro Area",6,107,"Tulare County, California",36.2516475,-118.852583
47340,"Wabash, IN Micro Area",18,169,"Wabash County, Indiana",40.8065352,-85.7833563
47380,"Waco, TX Metro Area",48,35,"Bosque County, Texas",31.8778358,-97.6561014
47420,"Wahpeton, ND-MN Micro Area",27,167,"Wilkin County, Minnesota",46.3258354,-96.4586194
47460,"Walla Walla, WA Metro Area",53,71,"Walla Walla County, Washington",46.2055155,-118.5174284
47540,"Wapakoneta, OH Micro Area",39,11,"Auglaize County, Ohio",40.5942186,-84.2641951
47580,"Warner Robins, GA Metro Area",13,153,"Houston County, Georgia",32.4659752,-83.631394
47620,"Warren, PA Micro Area",42,123,"Warren County, Pennsylvania",41.8119602,-79.2654452
47660,"Warrensburg, MO Micro Area",29,101,"Johnson County, Missouri",38.7295547,-93.8161034
47700,"Warsaw, IN Micro Area",18,85,"Kosciusko County, Indiana",41.2351957,-85.8529731
47780,"Washington, IN Micro Area",18,27,"Daviess County, Indiana",38.6776099,-87.0813484
47820,"Washington, NC Micro Area",37,13,"Beaufort County, North Carolina",35.469331,-76.8927522
47900,"Washington-Arlington-Alexandria, DC-VA-MD-WV Metro Area",11,1,"District of Columbia, District of Columbia",38.889059149999994,-77.04016998008728
47920,"Washington Court House, OH Micro Area",39,47,"Fayette County, Ohio",39.5839889,-83.4401122
47930,"Waterbury-Shelton, CT Metro Area",9,140,"Naugatuck Valley Planning Region, Connecticut",41.487541050000004,-73.09194516192876
47940,"Waterloo-Cedar Falls, IA Metro Area",19,13,"Black Hawk County, Iowa",42.4607526,-92.3030235
47980,"Watertown, SD Micro Area",46,29,"Codington County, South Dakota",44.9695646,-97.1976513
48020,"Watertown-Fort Atkinson, WI Micro Area",55,55,"Jefferson County, Wisconsin",43.0224668,-88.7673031
48060,"Watertown-Fort Drum, NY Metro Area",36,45,"Jefferson County, New York",44.059311,-75.9995742
48140,"Wausau, WI Metro Area",55,73,"Marathon County, Wisconsin",44.8914036,-89.7748098
48180,"Waycross, GA Micro Area",13,229,"Pierce County, Georgia",31.3430068,-82.2352189
48200,"Waynesville, NC Micro Area",37,87,"Haywood County, North Carolina",35.5456202,-82.9907823
48220,"Weatherford, OK Micro Area",40,39,"Custer County, Oklahoma",35.6286063,-99.0092034
48260,"Weirton-Steubenville, WV-OH Metro Area",39,81,"Jefferson County, Ohio",40.3792938,-80.7847619
48300,"Wenatchee-East Wenatchee, WA Metro Area",53,7,"Chelan County, Washington",47.8012197,-120.6276904
48460,"West Plains, MO Micro Area",29,91,"Howell County, Missouri",36.766989,-91.9151975
48540,"Wheeling, WV-OH Metro Area",39,13,"Belmont County, Ohio",40.0057737,-81.0097516
48580,"Whitewater-Elkhorn, WI Micro Area",55,127,"Walworth County, Wisconsin",42.6711513,-88.5467715
48620,"Wichita, KS Metro Area",20,15,"Butler County, Kansas",37.77924,-96.8456342
48660,"Wichita Falls, TX Metro Area",48,9,"Archer County, Texas",33.5816594,-98.7044869
48680,"Wildwood-The Villages, FL Metro Area",12,119,"Sumter County, Florida",28.6689748,-82.076402
48700,"Williamsport, PA Metro Area",42,81,"Lycoming County, Pennsylvania",41.3472688,-77.0220348
48780,"Williston, ND Micro Area",38,105,"Williams County, North Dakota",48.3629861,-103.4958386
48820,"Willmar, MN Micro Area",27,67,"Kandiyohi County, Minnesota",45.142373,-95.0025846
48900,"Wilmington, NC Metro Area",37,19,"Brunswick County, North Carolina",34.0718195,-78.1914215
48940,"Wilmington, OH Micro Area",39,27,"Clinton County, Ohio",39.4259873,-83.8445792
48980,"Wilson, NC Micro Area",37,195,"Wilson County, North Carolina",35.7059114,-77.9175714
49010,"Winchester, TN Micro Area",47,51,"Franklin County, Tennessee",35.1680139,-86.1084401
49020,"Winchester, VA-WV Metro Area",51,69,"Frederick County, Virginia",39.2127031,-78.279166
49080,"Winnemucca, NV Micro Area",32,13,"Humboldt County, Nevada",41.429394,-118.2024818
49100,"Winona, MN Micro Area",27,169,"Winona County, Minnesota",43.9582272,-91.7807784
49180,"Winston-Salem, NC Metro Area",37,57,"Davidson County, North Carolina",35.7902384,-80.2115053
49220,"Wisconsin Rapids-Marshfield, WI Micro Area",55,141,"Wood County, Wisconsin",44.4517617,-90.0199618
49260,"Woodward, OK Micro Area",40,153,"Woodward County, Oklahoma",36.374499,-99.2455382
49300,"Wooster, OH Micro Area",39,169,"Wayne County, Ohio",40.8615819,-81.9034617
49340,"Worcester, MA Metro Area",25,27,"Worcester County, Massachusetts",42.3705781,-71.8677242
49380,"Worthington, MN Micro Area",27,105,"Nobles County, Minnesota",43.6634212,-95.7527672
49420,"Yakima, WA Metro Area",53,77,"Yakima County, Washington",46.4135961,-120.730253
49460,"Yankton, SD Micro Area",46,135,"Yankton County, South Dakota",43.0115255,-97.3967561
49620,"York-Hanover, PA Metro Area",42,133,"York County, Pennsylvania",39.973143050000004,-76.74297462376592
49660,"Youngstown-Warren, OH Metro Area",39,99,"Mahoning County, Ohio",40.9830133,-80.7826416
49700,"Yuba City, CA Metro Area",6,101,"Sutter County, California",38.9509675,-121.697088
49740,"Yuma, AZ Metro Area",4,27,"Yuma County, Arizona",32.7915374,-113.897503
49780,"Zanesville, OH Micro Area",39,119,"Muskingum County, Ohio",40.0064162,-81.9984697
49820,"Zapata, TX Micro Area",48,505,"Zapata County, Texas",26.9879626,-99.1673556
